,toid,mean_depth,p90ile_depth,Class,Area
0,osgb0,0.003,0.005,A) Low,563
1,osgb1,0.004,0.008,A) Low,563
2,osgb2,0.164,0.257,B) Medium,137
3,osgb3,0.125,0.256,B) Medium,200
4,osgb4,0.015,0.037,A) Low,200
5,osgb5,0.051,0.168,A) Low,200
6,osgb6,0.025,0.075,A) Low,200
7,osgb7,0.034,0.07,A) Low,200
8,osgb8,0.011,0.021,A) Low,950
9,osgb9,0.02,0.026,A) Low,950
10,osgb10,0.002,0.003,A) Low,200
11,osgb11,0.003,0.005,A) Low,200
12,osgb12,0.013,0.039,A) Low,200
13,osgb13,0.005,0.005,A) Low,200
14,osgb14,0.003,0.004,A) Low,375
15,osgb15,0.004,0.006,A) Low,375
16,osgb16,0.113,0.383,C) High,1050
17,osgb17,0.014,0.017,A) Low,1050
18,osgb18,0.006,0.007,A) Low,18
19,osgb19,0.006,0.009,A) Low,350
20,osgb20,0.007,0.012,A) Low,350
21,osgb21,0.01,0.01,A) Low,350
22,osgb22,0.024,0.046,A) Low,200
23,osgb23,0.037,0.07,A) Low,200
24,osgb24,0.008,0.013,A) Low,200
25,osgb25,0.005,0.008,A) Low,350
26,osgb26,0.006,0.009,A) Low,350
27,osgb27,0.008,0.027,A) Low,350
28,osgb28,0.008,0.012,A) Low,375
29,osgb29,0.024,0.041,A) Low,950
30,osgb30,0.027,0.083,A) Low,200
31,osgb31,0.01,0.01,A) Low,200
32,osgb32,0.006,0.007,A) Low,200
33,osgb33,0.003,0.005,A) Low,950
34,osgb34,0.027,0.04,A) Low,200
35,osgb35,0.009,0.012,A) Low,200
36,osgb36,0.004,0.006,A) Low,375
37,osgb37,0.017,0.022,A) Low,18
38,osgb38,0.002,0.003,A) Low,200
39,osgb39,0.006,0.009,A) Low,200
40,osgb40,0.008,0.018,A) Low,200
41,osgb41,0.004,0.006,A) Low,200
42,osgb42,0.011,0.023,A) Low,200
43,osgb43,0.047,0.094,A) Low,200
44,osgb44,0.025,0.041,A) Low,1050
45,osgb45,0.037,0.07,A) Low,375
46,osgb46,0.007,0.012,A) Low,375
47,osgb47,0.015,0.022,A) Low,350
48,osgb48,0.009,0.014,A) Low,350
49,osgb49,0.09,0.29,A) Low,200
50,osgb50,0.003,0.004,A) Low,200
51,osgb51,0.004,0.01,A) Low,200
52,osgb52,0.003,0.004,A) Low,200
53,osgb53,0.018,0.026,A) Low,200
54,osgb54,0.006,0.008,A) Low,200
55,osgb55,0.002,0.003,A) Low,200
56,osgb56,0.002,0.004,A) Low,200
57,osgb57,0.005,0.008,A) Low,200
58,osgb58,0.01,0.015,A) Low,200
59,osgb59,0.012,0.023,A) Low,200
60,osgb60,0.003,0.005,A) Low,200
61,osgb61,0.005,0.006,A) Low,200
62,osgb62,0.045,0.058,A) Low,200
63,osgb63,0.002,0.004,A) Low,200
64,osgb64,0.004,0.004,A) Low,200
65,osgb65,0.003,0.004,A) Low,200
66,osgb66,0.006,0.009,A) Low,200
67,osgb67,0.008,0.013,A) Low,200
68,osgb68,0.002,0.003,A) Low,200
69,osgb69,0.01,0.013,A) Low,200
70,osgb70,0.009,0.012,A) Low,200
71,osgb71,0.144,0.251,B) Medium,200
72,osgb72,0.003,0.005,A) Low,200
73,osgb73,0.011,0.009,A) Low,200
74,osgb74,0.086,0.213,A) Low,200
75,osgb75,0.055,0.172,A) Low,200
76,osgb76,0.064,0.112,A) Low,200
77,osgb77,0.026,0.062,A) Low,350
78,osgb78,0.013,0.008,A) Low,350
79,osgb79,0.056,0.198,A) Low,375
80,osgb80,0.019,0.03,A) Low,950
81,osgb81,0.003,0.004,A) Low,200
82,osgb82,0.005,0.005,A) Low,200
83,osgb83,0.125,0.324,C) High,200
84,osgb84,0.023,0.066,A) Low,200
85,osgb85,0.105,0.208,B) Medium,200
86,osgb86,0.013,0.014,A) Low,200
87,osgb87,0.044,0.096,A) Low,375
88,osgb88,0.005,0.007,A) Low,200
89,osgb89,0.008,0.021,A) Low,200
90,osgb90,0.008,0.03,A) Low,350
91,osgb91,0.014,0.029,A) Low,350
92,osgb92,0.006,0.006,A) Low,375
93,osgb93,0.009,0.016,A) Low,375
94,osgb94,0.015,0.055,A) Low,375
95,osgb95,0.006,0.01,A) Low,375
96,osgb96,0.028,0.052,A) Low,375
97,osgb97,0.017,0.02,A) Low,375
98,osgb98,0.006,0.009,A) Low,375
99,osgb99,0.039,0.085,A) Low,375
100,osgb100,0.025,0.046,A) Low,832
101,osgb101,0.006,0.01,A) Low,350
102,osgb102,0.022,0.069,A) Low,350
103,osgb103,0.01,0.027,A) Low,350
104,osgb104,0.005,0.009,A) Low,350
105,osgb105,0.032,0.093,A) Low,350
106,osgb106,0.017,0.059,A) Low,350
107,osgb107,0.004,0.006,A) Low,350
108,osgb108,0.07,0.161,A) Low,350
109,osgb109,0.006,0.008,A) Low,200
110,osgb110,0.007,0.01,A) Low,200
111,osgb111,0.016,0.025,A) Low,200
112,osgb112,0.006,0.005,A) Low,375
113,osgb113,0.021,0.044,A) Low,375
114,osgb114,0.002,0.002,A) Low,350
115,osgb115,0.032,0.074,A) Low,350
116,osgb116,0.005,0.007,A) Low,350
117,osgb117,0.012,0.024,A) Low,350
118,osgb118,0.014,0.016,A) Low,350
119,osgb119,0.005,0.007,A) Low,350
120,osgb120,0.005,0.007,A) Low,350
121,osgb121,0.003,0.004,A) Low,350
122,osgb122,0.007,0.012,A) Low,375
123,osgb123,0.01,0.014,A) Low,375
124,osgb124,0.105,0.298,B) Medium,375
125,osgb125,0.004,0.004,A) Low,375
126,osgb126,0.071,0.182,A) Low,375
127,osgb127,0.003,0.004,A) Low,375
128,osgb128,0.011,0.017,A) Low,200
129,osgb129,0.01,0.017,A) Low,200
130,osgb130,0.013,0.016,A) Low,200
131,osgb131,0.084,0.303,B) Medium,350
132,osgb132,0.003,0.007,A) Low,350
133,osgb133,0.029,0.071,A) Low,200
134,osgb134,0.011,0.013,A) Low,200
135,osgb135,0.003,0.004,A) Low,375
136,osgb136,0.006,0.012,A) Low,375
137,osgb137,0.069,0.227,A) Low,375
138,osgb138,0.008,0.018,A) Low,375
139,osgb139,0.009,0.012,A) Low,200
140,osgb140,0.004,0.006,A) Low,200
141,osgb141,0.006,0.007,A) Low,200
142,osgb142,0.007,0.013,A) Low,1050
143,osgb143,0.061,0.203,A) Low,375
144,osgb144,0.024,0.093,A) Low,375
145,osgb145,0.011,0.03,A) Low,200
146,osgb146,0.004,0.005,A) Low,375
147,osgb147,0.008,0.013,A) Low,375
148,osgb148,0.014,0.017,A) Low,200
149,osgb149,0.017,0.006,A) Low,200
150,osgb150,0.417,0.54,C) High,350
151,osgb151,0.008,0.005,A) Low,350
152,osgb152,0.002,0.003,A) Low,350
153,osgb153,0.008,0.018,A) Low,350
154,osgb154,0.057,0.16,A) Low,350
155,osgb155,0.004,0.006,A) Low,350
156,osgb156,0.107,0.253,B) Medium,187
157,osgb157,0.01,0.014,A) Low,200
158,osgb158,0.027,0.039,A) Low,200
159,osgb159,0.002,0.003,A) Low,200
160,osgb160,0.004,0.006,A) Low,200
161,osgb161,0.005,0.007,A) Low,200
162,osgb162,0.011,0.012,A) Low,200
163,osgb163,0.008,0.013,A) Low,200
164,osgb164,0.006,0.007,A) Low,200
165,osgb165,0.018,0.037,A) Low,200
166,osgb166,0.011,0.026,A) Low,200
167,osgb167,0.004,0.006,A) Low,200
168,osgb168,0.01,0.017,A) Low,200
169,osgb169,0.014,0.017,A) Low,200
170,osgb170,0.015,0.046,A) Low,200
171,osgb171,0.042,0.053,A) Low,375
172,osgb172,0.059,0.164,A) Low,262
173,osgb173,0.004,0.007,A) Low,375
174,osgb174,0.025,0.042,A) Low,200
175,osgb175,0.004,0.007,A) Low,200
176,osgb176,0.008,0.012,A) Low,200
177,osgb177,0.008,0.012,A) Low,200
178,osgb178,0.102,0.395,C) High,375
179,osgb179,0.074,0.236,A) Low,375
180,osgb180,0.01,0.029,A) Low,262
181,osgb181,0.009,0.013,A) Low,200
182,osgb182,0.004,0.005,A) Low,200
183,osgb183,0.003,0.005,A) Low,200
184,osgb184,0.014,0.016,A) Low,200
185,osgb185,0.007,0.011,A) Low,200
186,osgb186,0.007,0.01,A) Low,200
187,osgb187,0.015,0.024,A) Low,200
188,osgb188,0.019,0.023,A) Low,200
189,osgb189,0.201,0.349,C) High,200
190,osgb190,0.364,0.436,C) High,200
191,osgb191,0.049,0.144,A) Low,350
192,osgb192,0.012,0.031,A) Low,350
193,osgb193,0.008,0.016,A) Low,350
194,osgb194,0.021,0.034,A) Low,350
195,osgb195,0.014,0.028,A) Low,375
196,osgb196,0.03,0.049,A) Low,375
197,osgb197,0.037,0.131,A) Low,950
198,osgb198,0.148,0.341,C) High,350
199,osgb199,0.007,0.005,A) Low,350
200,osgb200,0.058,0.191,A) Low,187
201,osgb201,0.009,0.02,A) Low,200
202,osgb202,0.003,0.007,A) Low,200
203,osgb203,0.032,0.098,A) Low,200
204,osgb204,0.008,0.014,A) Low,200
205,osgb205,0.026,0.031,A) Low,200
206,osgb206,0.165,0.276,B) Medium,200
207,osgb207,0.025,0.037,A) Low,375
208,osgb208,0.014,0.03,A) Low,375
209,osgb209,0.185,0.258,B) Medium,200
210,osgb210,0.005,0.005,A) Low,125
211,osgb211,0.003,0.003,A) Low,125
212,osgb212,0.002,0.005,A) Low,125
213,osgb213,0.016,0.037,A) Low,200
214,osgb214,0.004,0.005,A) Low,125
215,osgb215,0.096,0.311,B) Medium,37
216,osgb216,0.005,0.012,A) Low,125
217,osgb217,0.012,0.036,A) Low,1050
218,osgb218,0.003,0.004,A) Low,1050
219,osgb219,0.003,0.005,A) Low,200
220,osgb220,0.032,0.107,A) Low,200
221,osgb221,0.024,0.028,A) Low,200
222,osgb222,0.021,0.026,A) Low,200
223,osgb223,0.003,0.004,A) Low,200
224,osgb224,0.003,0.004,A) Low,200
225,osgb225,0.014,0.019,A) Low,200
226,osgb226,0.007,0.01,A) Low,200
227,osgb227,0.006,0.011,A) Low,125
228,osgb228,0.003,0.004,A) Low,125
229,osgb229,0.006,0.009,A) Low,125
230,osgb230,0.003,0.005,A) Low,125
231,osgb231,0.002,0.004,A) Low,37
232,osgb232,0.003,0.005,A) Low,125
233,osgb233,0.002,0.004,A) Low,200
234,osgb234,0.004,0.007,A) Low,200
235,osgb235,0.008,0.012,A) Low,125
236,osgb236,0.004,0.006,A) Low,200
237,osgb237,0.003,0.005,A) Low,200
238,osgb238,0.066,0.279,A) Low,950
239,osgb239,0.008,0.014,A) Low,200
240,osgb240,0.01,0.015,A) Low,200
241,osgb241,0.038,0.072,A) Low,125
242,osgb242,0.007,0.02,A) Low,125
243,osgb243,0.005,0.008,A) Low,950
244,osgb244,0.003,0.005,A) Low,200
245,osgb245,0.003,0.004,A) Low,200
246,osgb246,0.037,0.043,A) Low,125
247,osgb247,0.108,0.305,C) High,37
248,osgb248,0.007,0.007,A) Low,125
249,osgb249,0.009,0.016,A) Low,125
250,osgb250,0.003,0.003,A) Low,200
251,osgb251,0.053,0.073,A) Low,125
252,osgb252,0.005,0.015,A) Low,125
253,osgb253,0.007,0.009,A) Low,200
254,osgb254,0.057,0.195,A) Low,125
255,osgb255,0.004,0.006,A) Low,37
256,osgb256,0.014,0.025,A) Low,125
257,osgb257,0.015,0.029,A) Low,200
258,osgb258,0.029,0.054,A) Low,200
259,osgb259,0.004,0.005,A) Low,200
260,osgb260,0.004,0.005,A) Low,200
261,osgb261,0.006,0.012,A) Low,1050
262,osgb262,0.018,0.035,A) Low,200
263,osgb263,0.002,0.003,A) Low,200
264,osgb264,0.005,0.007,A) Low,350
265,osgb265,0.007,0.013,A) Low,350
266,osgb266,0.039,0.068,A) Low,200
267,osgb267,0.005,0.005,A) Low,200
268,osgb268,0.014,0.027,A) Low,200
269,osgb269,0.006,0.009,A) Low,375
270,osgb270,0.016,0.027,A) Low,200
271,osgb271,0.032,0.062,A) Low,200
272,osgb272,0.005,0.005,A) Low,200
273,osgb273,0.003,0.005,A) Low,200
274,osgb274,0.017,0.029,A) Low,200
275,osgb275,0.004,0.006,A) Low,200
276,osgb276,0.007,0.01,A) Low,375
277,osgb277,0.008,0.011,A) Low,375
278,osgb278,0.012,0.017,A) Low,375
279,osgb279,0.015,0.022,A) Low,200
280,osgb280,0.026,0.048,A) Low,200
281,osgb281,0.037,0.053,A) Low,200
282,osgb282,0.006,0.006,A) Low,200
283,osgb283,0.005,0.009,A) Low,200
284,osgb284,0.009,0.013,A) Low,200
285,osgb285,0.017,0.021,A) Low,200
286,osgb286,0.012,0.02,A) Low,200
287,osgb287,0.01,0.023,A) Low,200
288,osgb288,0.029,0.075,A) Low,950
289,osgb289,0.015,0.026,A) Low,350
290,osgb290,0.008,0.012,A) Low,350
291,osgb291,0.015,0.028,A) Low,200
292,osgb292,0.02,0.032,A) Low,200
293,osgb293,0.018,0.046,A) Low,200
294,osgb294,0.009,0.01,A) Low,200
295,osgb295,0.021,0.033,A) Low,200
296,osgb296,0.015,0.026,A) Low,200
297,osgb297,0.018,0.046,A) Low,125
298,osgb298,0.02,0.046,A) Low,125
299,osgb299,0.005,0.006,A) Low,125
300,osgb300,0.007,0.009,A) Low,125
301,osgb301,0.014,0.023,A) Low,1050
302,osgb302,0.024,0.039,A) Low,375
303,osgb303,0.007,0.009,A) Low,375
304,osgb304,0.008,0.012,A) Low,375
305,osgb305,0.012,0.018,A) Low,375
306,osgb306,0.029,0.038,A) Low,350
307,osgb307,0.004,0.005,A) Low,350
308,osgb308,0.004,0.008,A) Low,350
309,osgb309,0.01,0.013,A) Low,350
310,osgb310,0.043,0.096,A) Low,125
311,osgb311,0.037,0.055,A) Low,125
312,osgb312,0.009,0.016,A) Low,125
313,osgb313,0.008,0.011,A) Low,125
314,osgb314,0.039,0.056,A) Low,350
315,osgb315,0.006,0.008,A) Low,350
316,osgb316,0.003,0.004,A) Low,350
317,osgb317,0.018,0.026,A) Low,350
318,osgb318,0.026,0.054,A) Low,125
319,osgb319,0.042,0.074,A) Low,125
320,osgb320,0.019,0.026,A) Low,125
321,osgb321,0.014,0.016,A) Low,125
322,osgb322,0.006,0.01,A) Low,375
323,osgb323,0.012,0.026,A) Low,375
324,osgb324,0.014,0.018,A) Low,950
325,osgb325,0.007,0.007,A) Low,125
326,osgb326,0.016,0.031,A) Low,125
327,osgb327,0.039,0.058,A) Low,125
328,osgb328,0.033,0.061,A) Low,125
329,osgb329,0.037,0.075,A) Low,375
330,osgb330,0.004,0.006,A) Low,375
331,osgb331,0.06,0.145,A) Low,1050
332,osgb332,0.021,0.036,A) Low,375
333,osgb333,0.009,0.016,A) Low,375
334,osgb334,0.158,0.279,B) Medium,375
335,osgb335,0.083,0.237,A) Low,375
336,osgb336,0.007,0.01,A) Low,375
337,osgb337,0.006,0.008,A) Low,375
338,osgb338,0.019,0.026,A) Low,350
339,osgb339,0.004,0.011,A) Low,350
340,osgb340,0.091,0.186,A) Low,350
341,osgb341,0.064,0.177,A) Low,350
342,osgb342,0.019,0.061,A) Low,350
343,osgb343,0.008,0.012,A) Low,350
344,osgb344,0.017,0.026,A) Low,350
345,osgb345,0.114,0.354,C) High,350
346,osgb346,0.191,0.353,C) High,350
347,osgb347,0.1,0.258,B) Medium,350
348,osgb348,0.187,0.243,B) Medium,350
349,osgb349,0.082,0.186,A) Low,350
350,osgb350,0.035,0.048,A) Low,375
351,osgb351,0.118,0.361,C) High,375
352,osgb352,0.063,0.094,A) Low,375
353,osgb353,0.013,0.027,A) Low,950
354,osgb354,0.017,0.034,A) Low,375
355,osgb355,0.186,0.461,C) High,375
356,osgb356,0.095,0.16,A) Low,375
357,osgb357,0.01,0.016,A) Low,1050
358,osgb358,0.006,0.011,A) Low,742
359,osgb359,0.003,0.005,A) Low,950
360,osgb360,0.005,0.009,A) Low,180
361,osgb361,0.002,0.002,A) Low,255
362,osgb362,0.054,0.135,A) Low,255
363,osgb363,0.113,0.153,B) Medium,180
364,osgb364,0.17,0.199,B) Medium,180
365,osgb365,0.149,0.197,B) Medium,255
366,osgb366,0.014,0.026,A) Low,114
367,osgb1000002020965808,0.056,0.127,A) Low,72
368,osgb1000002020982057,0.048,0.117,A) Low,62
369,osgb1000002020982040,0.072,0.128,A) Low,12
370,osgb1000002020979532,0.506,0.913,C) High,6
371,osgb1000002020979579,0.003,0.004,A) Low,10
372,osgb1000002020982037,0.048,0.124,A) Low,105
373,osgb1000002020982061,0.025,0.075,A) Low,4342
374,osgb1000030281835,0.158,0.219,B) Medium,48
375,osgb1000030281836,0.326,0.375,C) High,171
376,osgb1000030281837,0.442,0.486,C) High,20
377,osgb1000030281838,0.386,0.413,C) High,33
378,osgb1000030281840,0.238,0.301,C) High,48
379,osgb1000030281841,0.286,0.31,C) High,9
380,osgb1000030284060,0.066,0.068,A) Low,4
381,osgb1000030284201,0.005,0.005,A) Low,5
382,osgb1000030284100,0.222,0.267,B) Medium,19
383,osgb1000030284023,0.003,0.005,A) Low,97
384,osgb1000030284024,0.005,0.01,A) Low,73
385,osgb1000030284025,0.03,0.091,A) Low,74
386,osgb1000030284354,0.387,0.714,C) High,70
387,osgb1000030284032,0.009,0.024,A) Low,12
388,osgb1000030284033,0.021,0.04,A) Low,6
389,osgb1000030284034,0.04,0.083,A) Low,55
390,osgb1000030284035,0.017,0.046,A) Low,75
391,osgb1000030284036,0.024,0.053,A) Low,13
392,osgb1000030284037,0.014,0.026,A) Low,93
393,osgb1000030284038,0.008,0.014,A) Low,114
394,osgb1000030284044,0.012,0.03,A) Low,59
395,osgb1000030284195,0.021,0.022,A) Low,3
396,osgb1000030284045,0.005,0.006,A) Low,90
397,osgb1000030284046,0.006,0.008,A) Low,122
398,osgb1000030284047,0.007,0.013,A) Low,113
399,osgb1000030284052,0.081,0.114,A) Low,71
400,osgb1000030284054,0.11,0.154,B) Medium,3
401,osgb1000030284055,0.049,0.075,A) Low,18
402,osgb1000030284056,0.045,0.069,A) Low,16
403,osgb1000030284057,0.066,0.084,A) Low,80
404,osgb1000030284058,0.058,0.072,A) Low,79
405,osgb1000030284059,0.058,0.067,A) Low,5
406,osgb1000030284061,0.043,0.147,A) Low,85
407,osgb1000030284062,0.043,0.132,A) Low,101
408,osgb1000030284063,0.02,0.043,A) Low,77
409,osgb1000030284064,0.034,0.105,A) Low,77
410,osgb1000030284065,0.004,0.006,A) Low,75
411,osgb1000030284066,0.005,0.006,A) Low,75
412,osgb1000030284067,0.007,0.014,A) Low,114
413,osgb1000030284068,0.004,0.008,A) Low,91
414,osgb1000030284069,0.004,0.005,A) Low,91
415,osgb1000030284070,0.005,0.007,A) Low,93
416,osgb1000030284071,0.01,0.024,A) Low,101
417,osgb1000030284072,0.028,0.038,A) Low,96
418,osgb1000030284073,0.007,0.015,A) Low,112
419,osgb1000030284074,0.009,0.019,A) Low,114
420,osgb1000030284444,0.011,0.023,A) Low,42
421,osgb1000030284075,0.009,0.02,A) Low,110
422,osgb1000030284076,0.012,0.028,A) Low,95
423,osgb1000030284077,0.013,0.027,A) Low,102
424,osgb1000030284078,0.029,0.045,A) Low,98
425,osgb1000030284079,0.069,0.121,A) Low,93
426,osgb1000030284080,0.062,0.129,A) Low,92
427,osgb1000030284081,0.044,0.078,A) Low,92
428,osgb1000030284082,0.058,0.081,A) Low,91
429,osgb1000030284091,0.003,0.005,A) Low,83
430,osgb1000030284092,0.003,0.003,A) Low,79
431,osgb1000030284093,0.003,0.005,A) Low,83
432,osgb1000030284094,0.004,0.005,A) Low,76
433,osgb1000030284095,0.016,0.034,A) Low,12
434,osgb1000030284097,0.099,0.203,A) Low,51
435,osgb1000030284098,0.202,0.265,B) Medium,48
436,osgb1000030284099,0.208,0.267,B) Medium,20
437,osgb1000030284101,0.166,0.236,B) Medium,52
438,osgb1000030284102,0.084,0.142,A) Low,51
439,osgb1000030284103,0.056,0.088,A) Low,18
440,osgb1000030284104,0.018,0.052,A) Low,24
441,osgb1000030284105,0.003,0.005,A) Low,16
442,osgb1000030284106,0.007,0.012,A) Low,48
443,osgb1000030284107,0.007,0.013,A) Low,77
444,osgb1000030284108,0.01,0.014,A) Low,72
445,osgb1000030284109,0.009,0.01,A) Low,72
446,osgb1000030284110,0.008,0.009,A) Low,68
447,osgb1000030284111,0.007,0.009,A) Low,69
448,osgb1000030284112,0.007,0.009,A) Low,67
449,osgb1000030284113,0.008,0.01,A) Low,70
450,osgb1000030284114,0.005,0.007,A) Low,68
451,osgb1000030284117,0.005,0.008,A) Low,77
452,osgb1000030284118,0.004,0.007,A) Low,73
453,osgb1000030284119,0.006,0.009,A) Low,68
454,osgb1000030284120,0.005,0.008,A) Low,67
455,osgb1000030284121,0.013,0.025,A) Low,72
456,osgb1000030284122,0.021,0.073,A) Low,69
457,osgb1000030284123,0.016,0.03,A) Low,69
458,osgb1000030284124,0.027,0.038,A) Low,69
459,osgb1000030284127,0.18,0.258,B) Medium,83
460,osgb1000030284128,0.239,0.261,B) Medium,77
461,osgb1000030284129,0.226,0.244,B) Medium,12
462,osgb1000030284132,0.296,0.346,C) High,78
463,osgb1000030284133,0.266,0.346,C) High,84
464,osgb1000030284134,0.252,0.286,B) Medium,11
465,osgb1000030284135,0.274,0.401,C) High,84
466,osgb1000030284136,0.358,0.485,C) High,86
467,osgb1000030284138,0.032,0.088,A) Low,68
468,osgb1000030284139,0.004,0.008,A) Low,70
469,osgb1000030284140,0.004,0.006,A) Low,71
470,osgb1000030284141,0.005,0.008,A) Low,66
471,osgb1000030284142,0.005,0.008,A) Low,68
472,osgb1000030284145,0.131,0.159,B) Medium,68
473,osgb1000030284146,0.078,0.113,A) Low,69
474,osgb1000030284149,0.034,0.053,A) Low,57
475,osgb1000030284150,0.044,0.072,A) Low,60
476,osgb1000030284151,0.039,0.067,A) Low,59
477,osgb1000030284152,0.02,0.027,A) Low,58
478,osgb1000030284153,0.025,0.032,A) Low,58
479,osgb1000030284154,0.026,0.034,A) Low,58
480,osgb1000030284158,0.271,0.624,C) High,1228
481,osgb1000030284160,0.007,0.012,A) Low,74
482,osgb1000030284161,0.008,0.012,A) Low,13
483,osgb1000030284228,0.137,0.238,B) Medium,83
484,osgb1000030284238,0.132,0.382,C) High,81
485,osgb1000030284194,0.01,0.022,A) Low,77
486,osgb1000030284202,0.004,0.005,A) Low,5
487,osgb1000030284182,0.054,0.082,A) Low,0
488,osgb1000030284186,0.024,0.035,A) Low,11
489,osgb1000030284188,0.027,0.079,A) Low,44
490,osgb1000030284191,0.057,0.103,A) Low,16
491,osgb1000030284192,0.04,0.093,A) Low,15
492,osgb1000030284193,0.024,0.058,A) Low,76
493,osgb1000030284196,0.022,0.023,A) Low,4
494,osgb1000030284197,0.008,0.013,A) Low,13
495,osgb1000030284198,0.016,0.02,A) Low,10
496,osgb1000030284244,0.01,0.016,A) Low,366
497,osgb1000030284199,0.013,0.023,A) Low,78
498,osgb1000030284200,0.041,0.068,A) Low,77
499,osgb1000030284203,0.056,0.137,A) Low,91
500,osgb1000030284212,0.012,0.015,A) Low,65
501,osgb1000030284213,0.009,0.016,A) Low,67
502,osgb1000030284214,0.038,0.077,A) Low,66
503,osgb1000030284215,0.011,0.015,A) Low,88
504,osgb1000030284216,0.01,0.013,A) Low,91
505,osgb1000030284219,0.003,0.004,A) Low,76
506,osgb1000030284220,0.003,0.005,A) Low,82
507,osgb1000030284221,0.052,0.136,A) Low,11
508,osgb1000030284222,0.083,0.16,A) Low,9
509,osgb1000030284223,0.007,0.01,A) Low,89
510,osgb1000030284224,0.008,0.009,A) Low,93
511,osgb1000030284225,0.016,0.026,A) Low,93
512,osgb1000030284226,0.02,0.044,A) Low,93
513,osgb1000030284227,0.093,0.211,A) Low,84
514,osgb1000030284233,0.013,0.017,A) Low,78
515,osgb1000030284234,0.025,0.045,A) Low,80
516,osgb1000030284235,0.071,0.179,A) Low,81
517,osgb1000030284236,0.073,0.174,A) Low,81
518,osgb1000030284237,0.036,0.104,A) Low,82
519,osgb1000030284239,0.182,0.49,C) High,79
520,osgb1000030284240,0.171,0.337,C) High,83
521,osgb1000030284241,0.014,0.017,A) Low,5
522,osgb1000030284242,0.192,0.293,B) Medium,12
523,osgb1000030284243,0.008,0.012,A) Low,45
524,osgb1000030284247,0.066,0.156,A) Low,85
525,osgb1000030284248,0.086,0.202,A) Low,81
526,osgb1000030284249,0.112,0.358,C) High,82
527,osgb1000030284250,0.096,0.224,A) Low,83
528,osgb1000030284251,0.078,0.151,A) Low,84
529,osgb1000030284252,0.113,0.18,B) Medium,82
530,osgb1000030284253,0.134,0.192,B) Medium,17
531,osgb1000030284254,0.179,0.229,B) Medium,11
532,osgb1000030284255,0.152,0.28,B) Medium,78
533,osgb1000030284256,0.29,0.438,C) High,84
534,osgb1000030284308,0.101,0.216,B) Medium,18
535,osgb1000030284319,0.073,0.18,A) Low,19
536,osgb1000030284320,0.039,0.101,A) Low,64
537,osgb1000030284321,0.027,0.062,A) Low,64
538,osgb1000030284322,0.061,0.163,A) Low,65
539,osgb1000030284323,0.156,0.41,C) High,67
540,osgb1000030284335,0.042,0.075,A) Low,75
541,osgb1000030284336,0.088,0.237,A) Low,48
542,osgb1000030284338,0.106,0.284,B) Medium,60
543,osgb1000030284339,0.111,0.239,B) Medium,65
544,osgb1000030284340,0.08,0.177,A) Low,65
545,osgb1000030284341,0.034,0.089,A) Low,62
546,osgb1000030284342,0.022,0.059,A) Low,67
547,osgb1000030284343,0.021,0.053,A) Low,67
548,osgb1000030284344,0.026,0.072,A) Low,70
549,osgb1000030284345,0.054,0.108,A) Low,67
550,osgb1000030284346,0.038,0.102,A) Low,51
551,osgb1000030284347,0.036,0.073,A) Low,12
552,osgb1000030284348,0.032,0.06,A) Low,65
553,osgb1000030284349,0.039,0.072,A) Low,63
554,osgb1000030284350,0.023,0.036,A) Low,12
555,osgb1000030284351,0.037,0.087,A) Low,47
556,osgb1000030284352,0.129,0.258,B) Medium,71
557,osgb1000030284353,0.284,0.595,C) High,64
558,osgb1000030284355,0.235,0.669,C) High,69
559,osgb1000030284356,0.073,0.18,A) Low,67
560,osgb1000030284357,0.075,0.186,A) Low,67
561,osgb1000030284358,0.088,0.206,A) Low,62
562,osgb1000030284359,0.068,0.148,A) Low,63
563,osgb1000030284360,0.104,0.256,B) Medium,67
564,osgb1000030284361,0.166,0.31,C) High,69
565,osgb1000030284363,0.002,0.003,A) Low,9
566,osgb1000030284364,0.004,0.005,A) Low,88
567,osgb1000030284365,0.003,0.005,A) Low,52
568,osgb1000030284366,0.004,0.006,A) Low,44
569,osgb1000030284368,0.14,0.281,B) Medium,39
570,osgb1000030284371,0.091,0.27,A) Low,87
571,osgb1000030284372,0.11,0.325,C) High,53
572,osgb1000030284373,0.161,0.552,C) High,56
573,osgb1000030284374,0.01,0.018,A) Low,3
574,osgb1000030284375,0.098,0.281,A) Low,328
575,osgb1000030284376,0.035,0.065,A) Low,61
576,osgb1000030284377,0.064,0.154,A) Low,56
577,osgb1000030284471,0.053,0.132,A) Low,12
578,osgb1000030284403,0.055,0.133,A) Low,65
579,osgb1000030284405,0.057,0.15,A) Low,65
580,osgb1000030284379,0.057,0.153,A) Low,51
581,osgb1000030284380,0.119,0.211,B) Medium,55
582,osgb1000030284381,0.128,0.212,B) Medium,6
583,osgb1000030284382,0.088,0.197,A) Low,58
584,osgb1000030284383,0.094,0.272,A) Low,57
585,osgb1000030284384,0.153,0.337,C) High,55
586,osgb1000030284385,0.105,0.304,C) High,54
587,osgb1000030284448,0.02,0.035,A) Low,25
588,osgb1000030284386,0.149,0.307,C) High,54
589,osgb1000030284387,0.218,0.496,C) High,59
590,osgb1000030284388,0.338,0.667,C) High,54
591,osgb1000030284389,0.393,0.733,C) High,62
592,osgb1000030284390,0.312,0.664,C) High,61
593,osgb1000030284391,0.205,0.272,B) Medium,59
594,osgb1000030284392,0.252,0.32,C) High,62
595,osgb1000030284393,0.176,0.307,C) High,62
596,osgb1000030284496,0.557,0.557,C) High,3
597,osgb1000030284394,0.091,0.215,A) Low,63
598,osgb1000030284395,0.05,0.123,A) Low,63
599,osgb1000030284396,0.074,0.17,A) Low,63
600,osgb1000030284397,0.059,0.134,A) Low,59
601,osgb1000030284398,0.075,0.157,A) Low,59
602,osgb1000030284399,0.114,0.238,B) Medium,59
603,osgb1000030284400,0.138,0.261,B) Medium,58
604,osgb1000030284401,0.112,0.265,B) Medium,68
605,osgb1000030284402,0.072,0.145,A) Low,64
606,osgb1000030284406,0.068,0.201,A) Low,56
607,osgb1000030284407,0.043,0.075,A) Low,62
608,osgb1000030284409,0.022,0.041,A) Low,56
609,osgb1000030284410,0.016,0.024,A) Low,56
610,osgb1000030284411,0.014,0.019,A) Low,61
611,osgb1000030284412,0.013,0.019,A) Low,62
612,osgb1000030284413,0.02,0.025,A) Low,59
613,osgb1000030284414,0.022,0.027,A) Low,56
614,osgb1000030284446,0.105,0.256,B) Medium,66
615,osgb1000030284447,0.07,0.176,A) Low,71
616,osgb1000030284415,0.021,0.025,A) Low,67
617,osgb1000030284417,0.022,0.032,A) Low,40
618,osgb1000030284418,0.035,0.06,A) Low,53
619,osgb1000030284419,0.041,0.086,A) Low,45
620,osgb1000030284420,0.042,0.076,A) Low,42
621,osgb1000030284421,0.053,0.089,A) Low,4
622,osgb1000030284422,0.048,0.082,A) Low,13
623,osgb1000030284423,0.03,0.047,A) Low,65
624,osgb1000030284424,0.034,0.048,A) Low,68
625,osgb1000030284425,0.014,0.02,A) Low,53
626,osgb1000030284426,0.035,0.073,A) Low,55
627,osgb1000030284427,0.04,0.087,A) Low,72
628,osgb1000030284428,0.012,0.019,A) Low,79
629,osgb1000030284429,0.013,0.019,A) Low,81
630,osgb1000030284430,0.012,0.016,A) Low,55
631,osgb1000030284431,0.012,0.016,A) Low,66
632,osgb1000030284432,0.007,0.012,A) Low,70
633,osgb1000030284433,0.015,0.035,A) Low,62
634,osgb1000030284434,0.012,0.017,A) Low,65
635,osgb1000030284435,0.018,0.033,A) Low,68
636,osgb1000030284436,0.02,0.034,A) Low,69
637,osgb1000030284437,0.02,0.03,A) Low,71
638,osgb1000030284438,0.018,0.021,A) Low,69
639,osgb1000030284439,0.019,0.023,A) Low,64
640,osgb1000030284440,0.021,0.032,A) Low,71
641,osgb1000030284441,0.02,0.036,A) Low,43
642,osgb1000030284442,0.007,0.013,A) Low,53
643,osgb1000030284443,0.007,0.014,A) Low,9
644,osgb1000030284445,0.027,0.062,A) Low,46
645,osgb1000030284449,0.024,0.046,A) Low,45
646,osgb1000030284450,0.023,0.047,A) Low,68
647,osgb1000030284451,0.04,0.042,A) Low,3
648,osgb1000030284452,0.05,0.057,A) Low,5
649,osgb1000030284453,0.029,0.055,A) Low,76
650,osgb1000030284459,0.026,0.044,A) Low,74
651,osgb1000030284460,0.028,0.042,A) Low,72
652,osgb1000030284461,0.025,0.053,A) Low,66
653,osgb1000030284462,0.006,0.006,A) Low,1
654,osgb1000030284463,0.011,0.019,A) Low,67
655,osgb1000030284464,0.048,0.142,A) Low,72
656,osgb1000030284465,0.069,0.147,A) Low,65
657,osgb1000030284466,0.043,0.102,A) Low,72
658,osgb1000030284467,0.036,0.073,A) Low,64
659,osgb1000030284468,0.029,0.031,A) Low,74
660,osgb1000030284469,0.016,0.02,A) Low,59
661,osgb1000030284470,0.032,0.052,A) Low,72
662,osgb1000030284475,0.071,0.21,A) Low,18
663,osgb1000030284476,0.003,0.004,A) Low,16
664,osgb1000030284477,0.026,0.063,A) Low,48
665,osgb1000030284478,0.034,0.081,A) Low,54
666,osgb1000030284479,0.007,0.011,A) Low,13
667,osgb1000030284480,0.01,0.018,A) Low,65
668,osgb1000030284481,0.011,0.017,A) Low,69
669,osgb1000030284482,0.01,0.018,A) Low,73
670,osgb1000030284483,0.009,0.016,A) Low,71
671,osgb1000030284484,0.008,0.013,A) Low,70
672,osgb1000030284485,0.006,0.01,A) Low,66
673,osgb1000030284486,0.005,0.01,A) Low,72
674,osgb1000030284487,0.003,0.005,A) Low,66
675,osgb1000030284488,0.004,0.009,A) Low,65
676,osgb1000030284489,0.007,0.012,A) Low,65
677,osgb1000030284490,0.005,0.006,A) Low,60
678,osgb1000030284491,0.006,0.008,A) Low,68
679,osgb1000030284492,0.008,0.012,A) Low,71
680,osgb1000030284493,0.009,0.012,A) Low,73
681,osgb1000030284494,0.009,0.014,A) Low,66
682,osgb1000030284495,0.12,0.371,C) High,72
683,osgb1000030284497,0.143,0.392,C) High,20
684,osgb1000030284498,0.166,0.569,C) High,44
685,osgb1000030284499,0.265,0.572,C) High,50
686,osgb1000030284500,0.182,0.392,C) High,12
687,osgb1000030284501,0.182,0.392,C) High,10
688,osgb1000030284502,0.176,0.299,B) Medium,7
689,osgb1000030284503,0.003,0.004,A) Low,60
690,osgb1000030284504,0.003,0.004,A) Low,63
691,osgb1000030284505,0.002,0.003,A) Low,63
692,osgb1000030284506,0.002,0.003,A) Low,70
693,osgb1000030284507,0.002,0.003,A) Low,31
694,osgb1000030284508,0.046,0.104,A) Low,70
695,osgb1000030284509,0.007,0.012,A) Low,72
696,osgb1000030284510,0.004,0.006,A) Low,65
697,osgb1000030284511,0.004,0.007,A) Low,25
698,osgb1000030284512,0.005,0.007,A) Low,2
699,osgb1000030284762,0.106,0.205,B) Medium,16
700,osgb1000030284651,0.002,0.002,A) Low,38
701,osgb1000030284649,0.004,0.006,A) Low,2
702,osgb1000030284650,0.002,0.002,A) Low,32
703,osgb1000030284652,0.002,0.003,A) Low,12
704,osgb1000030284653,0.003,0.005,A) Low,81
705,osgb1000030284654,0.014,0.032,A) Low,58
706,osgb1000030284655,0.013,0.029,A) Low,62
707,osgb1000030284656,0.034,0.093,A) Low,63
708,osgb1000030284658,0.002,0.002,A) Low,1
709,osgb1000030284660,0.009,0.02,A) Low,60
710,osgb1000030284661,0.009,0.017,A) Low,60
711,osgb1000030284662,0.008,0.01,A) Low,36
712,osgb1000030284663,0.073,0.219,A) Low,60
713,osgb1000030284664,0.061,0.164,A) Low,49
714,osgb1000030284665,0.056,0.15,A) Low,49
715,osgb1000030284666,0.064,0.122,A) Low,11
716,osgb1000030284667,0.152,0.325,C) High,67
717,osgb1000030284668,0.1,0.256,B) Medium,71
718,osgb1000030284669,0.069,0.185,A) Low,68
719,osgb1000030284670,0.025,0.044,A) Low,72
720,osgb1000030284671,0.013,0.027,A) Low,73
721,osgb1000030284703,0.014,0.022,A) Low,59
722,osgb1000030284672,0.032,0.07,A) Low,81
723,osgb1000030284673,0.026,0.041,A) Low,4
724,osgb1000030284674,0.042,0.088,A) Low,78
725,osgb1000030284675,0.02,0.047,A) Low,72
726,osgb1000030284677,0.003,0.005,A) Low,12
727,osgb1000030284678,0.003,0.003,A) Low,41
728,osgb1000030284679,0.003,0.004,A) Low,55
729,osgb1000030284680,0.003,0.004,A) Low,14
730,osgb1000030284681,0.003,0.004,A) Low,41
731,osgb1000030284682,0.003,0.004,A) Low,45
732,osgb1000030284685,0.007,0.012,A) Low,66
733,osgb1000030284686,0.005,0.009,A) Low,66
734,osgb1000030284687,0.007,0.011,A) Low,68
735,osgb1000030284688,0.01,0.014,A) Low,67
736,osgb1000030284689,0.011,0.014,A) Low,70
737,osgb1000030284690,0.011,0.014,A) Low,68
738,osgb1000030284691,0.012,0.018,A) Low,65
739,osgb1000030284692,0.005,0.007,A) Low,77
740,osgb1000030284693,0.029,0.075,A) Low,76
741,osgb1000030284694,0.031,0.074,A) Low,73
742,osgb1000030284695,0.009,0.012,A) Low,14
743,osgb1000030284696,0.006,0.009,A) Low,55
744,osgb1000030284697,0.013,0.02,A) Low,79
745,osgb1000030284698,0.013,0.019,A) Low,78
746,osgb1000030284699,0.01,0.015,A) Low,76
747,osgb1000030284700,0.01,0.018,A) Low,82
748,osgb1000030284701,0.01,0.016,A) Low,74
749,osgb1000030284702,0.007,0.012,A) Low,78
750,osgb1000030284704,0.012,0.02,A) Low,57
751,osgb1000030284705,0.012,0.019,A) Low,59
752,osgb1000030284706,0.012,0.017,A) Low,58
753,osgb1000030284707,0.011,0.016,A) Low,60
754,osgb1000030284708,0.01,0.016,A) Low,57
755,osgb1000030284709,0.011,0.017,A) Low,61
756,osgb1000030284710,0.01,0.016,A) Low,57
757,osgb1000030284711,0.01,0.014,A) Low,58
758,osgb1000030284712,0.018,0.037,A) Low,57
759,osgb1000030284713,0.02,0.05,A) Low,43
760,osgb1000030284714,0.006,0.008,A) Low,55
761,osgb1000030284715,0.016,0.022,A) Low,46
762,osgb1000030284716,0.012,0.02,A) Low,44
763,osgb1000030284717,0.012,0.022,A) Low,54
764,osgb1000030284718,0.01,0.018,A) Low,60
765,osgb1000030284719,0.01,0.018,A) Low,53
766,osgb1000030284720,0.008,0.018,A) Low,59
767,osgb1000030284721,0.008,0.017,A) Low,54
768,osgb1000030284722,0.008,0.016,A) Low,56
769,osgb1000030284723,0.009,0.016,A) Low,53
770,osgb1000030284724,0.007,0.012,A) Low,58
771,osgb1000030284725,0.006,0.012,A) Low,52
772,osgb1000030284728,0.059,0.114,A) Low,72
773,osgb1000030284729,0.041,0.084,A) Low,62
774,osgb1000030284730,0.082,0.175,A) Low,54
775,osgb1000030284731,0.111,0.232,B) Medium,56
776,osgb1000030284732,0.083,0.211,A) Low,58
777,osgb1000030284733,0.025,0.048,A) Low,74
778,osgb1000030284734,0.023,0.047,A) Low,55
779,osgb1000030284735,0.031,0.056,A) Low,52
780,osgb1000030284736,0.042,0.077,A) Low,69
781,osgb1000030284737,0.028,0.07,A) Low,59
782,osgb1000030284738,0.035,0.075,A) Low,59
783,osgb1000030284739,0.015,0.023,A) Low,67
784,osgb1000030284740,0.016,0.023,A) Low,60
785,osgb1000030284741,0.017,0.025,A) Low,68
786,osgb1000030284742,0.015,0.023,A) Low,71
787,osgb1000030284743,0.014,0.019,A) Low,71
788,osgb1000030284744,0.014,0.019,A) Low,74
789,osgb1000030284745,0.015,0.02,A) Low,72
790,osgb1000030284746,0.014,0.018,A) Low,70
791,osgb1000030284747,0.008,0.012,A) Low,69
792,osgb1000030284748,0.006,0.01,A) Low,69
793,osgb1000030284751,0.09,0.186,A) Low,12
794,osgb1000030284752,0.008,0.018,A) Low,7
795,osgb1000030284755,0.02,0.03,A) Low,68
796,osgb1000030284756,0.021,0.04,A) Low,67
797,osgb1000030284757,0.022,0.047,A) Low,74
798,osgb1000030284758,0.026,0.046,A) Low,74
799,osgb1000030284759,0.03,0.049,A) Low,107
800,osgb1000030284761,0.081,0.103,A) Low,100
801,osgb1000030284763,0.016,0.026,A) Low,7
802,osgb1000030285208,0.019,0.036,A) Low,25
803,osgb1000030285576,0.043,0.115,A) Low,12
804,osgb1000030285366,0.07,0.15,A) Low,81
805,osgb1000030285367,0.05,0.154,A) Low,78
806,osgb1000030285368,0.08,0.154,A) Low,83
807,osgb1000030285496,0.019,0.052,A) Low,598
808,osgb1000030285369,0.058,0.152,A) Low,79
809,osgb1000030285370,0.092,0.148,A) Low,79
810,osgb1000030285371,0.074,0.146,A) Low,80
811,osgb1000030285372,0.05,0.146,A) Low,79
812,osgb1000030285375,0.013,0.021,A) Low,2
813,osgb1000030285578,0.015,0.038,A) Low,28
814,osgb1000030285488,0.013,0.03,A) Low,28
815,osgb1000030285432,0.129,0.18,B) Medium,15
816,osgb1000030285433,0.207,0.215,B) Medium,13
817,osgb1000030285434,0.236,0.286,B) Medium,14
818,osgb1000030285435,0.21,0.272,B) Medium,65
819,osgb1000030285437,0.259,0.308,C) High,16
820,osgb1000030285438,0.231,0.282,B) Medium,16
821,osgb1000030285439,0.051,0.079,A) Low,11
822,osgb1000030285440,0.047,0.063,A) Low,10
823,osgb1000030285441,0.055,0.072,A) Low,9
824,osgb1000030285442,0.013,0.024,A) Low,11
825,osgb1000030285443,0.081,0.193,A) Low,143
826,osgb1000030285444,0.052,0.103,A) Low,81
827,osgb1000030285445,0.095,0.182,A) Low,65
828,osgb1000030285448,0.153,0.224,B) Medium,62
829,osgb1000030285450,0.163,0.242,B) Medium,82
830,osgb1000030285451,0.114,0.185,B) Medium,61
831,osgb1000030285452,0.113,0.168,B) Medium,61
832,osgb1000030285453,0.098,0.16,A) Low,76
833,osgb1000030285454,0.057,0.109,A) Low,61
834,osgb1000030285455,0.041,0.085,A) Low,65
835,osgb1000030285456,0.027,0.052,A) Low,71
836,osgb1000030285577,0.026,0.045,A) Low,11
837,osgb1000030285458,0.018,0.032,A) Low,64
838,osgb1000030285459,0.014,0.028,A) Low,61
839,osgb1000030285460,0.012,0.02,A) Low,63
840,osgb1000030285461,0.057,0.094,A) Low,62
841,osgb1000030285497,0.009,0.022,A) Low,80
842,osgb1000030285462,0.167,0.206,B) Medium,65
843,osgb1000030285463,0.187,0.245,B) Medium,73
844,osgb1000030285468,0.046,0.085,A) Low,82
845,osgb1000030285469,0.025,0.033,A) Low,81
846,osgb1000030285470,0.025,0.037,A) Low,83
847,osgb1000030285471,0.044,0.069,A) Low,81
848,osgb1000030285472,0.048,0.073,A) Low,86
849,osgb1000030285473,0.055,0.077,A) Low,88
850,osgb1000030285474,0.068,0.097,A) Low,86
851,osgb1000030285475,0.051,0.106,A) Low,86
852,osgb1000030285476,0.056,0.125,A) Low,88
853,osgb1000030285477,0.097,0.15,A) Low,89
854,osgb1000030285478,0.066,0.113,A) Low,82
855,osgb1000030285479,0.029,0.069,A) Low,89
856,osgb1000030285480,0.018,0.035,A) Low,79
857,osgb1000030285481,0.023,0.031,A) Low,79
858,osgb1000030285484,0.019,0.038,A) Low,3
859,osgb1000030285485,0.012,0.023,A) Low,9
860,osgb1000030285486,0.034,0.079,A) Low,28
861,osgb1000030285487,0.02,0.05,A) Low,16
862,osgb1000030285489,0.013,0.019,A) Low,10
863,osgb1000030285490,0.011,0.014,A) Low,14
864,osgb1000030285491,0.006,0.011,A) Low,53
865,osgb1000030285492,0.025,0.065,A) Low,51
866,osgb1000030285493,0.045,0.13,A) Low,52
867,osgb1000030285494,0.02,0.057,A) Low,44
868,osgb1000030285495,0.014,0.026,A) Low,229
869,osgb1000030285498,0.007,0.015,A) Low,82
870,osgb1000030285499,0.005,0.008,A) Low,81
871,osgb1000030285500,0.003,0.004,A) Low,83
872,osgb1000030285501,0.004,0.005,A) Low,80
873,osgb1000030285502,0.004,0.007,A) Low,77
874,osgb1000030285503,0.056,0.147,A) Low,83
875,osgb1000030285504,0.088,0.174,A) Low,80
876,osgb1000030285505,0.048,0.112,A) Low,82
877,osgb1000030285508,0.003,0.005,A) Low,81
878,osgb1000030285509,0.004,0.005,A) Low,82
879,osgb1000030285510,0.002,0.004,A) Low,80
880,osgb1000030285511,0.003,0.004,A) Low,80
881,osgb1000030285514,0.003,0.004,A) Low,67
882,osgb1000030285515,0.003,0.004,A) Low,68
883,osgb1000030285516,0.004,0.006,A) Low,72
884,osgb1000030285518,0.007,0.01,A) Low,67
885,osgb1000030285519,0.012,0.027,A) Low,73
886,osgb1000030285520,0.013,0.024,A) Low,71
887,osgb1000030285522,0.02,0.025,A) Low,72
888,osgb1000030285523,0.002,0.002,A) Low,70
889,osgb1000030285532,0.06,0.178,A) Low,92
890,osgb1000030285533,0.018,0.038,A) Low,77
891,osgb1000030285534,0.005,0.007,A) Low,73
892,osgb1000030285535,0.003,0.005,A) Low,76
893,osgb1000030285540,0.017,0.038,A) Low,93
894,osgb1000030285541,0.019,0.025,A) Low,96
895,osgb1000030285544,0.008,0.013,A) Low,63
896,osgb1000030285545,0.029,0.063,A) Low,70
897,osgb1000030285546,0.035,0.078,A) Low,70
898,osgb1000030285547,0.038,0.084,A) Low,58
899,osgb1000030285548,0.055,0.133,A) Low,74
900,osgb1000030285549,0.059,0.133,A) Low,67
901,osgb1000030285550,0.026,0.048,A) Low,64
902,osgb1000030285551,0.02,0.049,A) Low,60
903,osgb1000030285552,0.032,0.092,A) Low,70
904,osgb1000030285579,0.006,0.012,A) Low,12
905,osgb1000030285553,0.058,0.151,A) Low,58
906,osgb1000030285555,0.03,0.035,A) Low,81
907,osgb1000030285557,0.038,0.153,A) Low,84
908,osgb1000030285558,0.012,0.016,A) Low,74
909,osgb1000030285559,0.012,0.016,A) Low,89
910,osgb1000030285560,0.025,0.056,A) Low,89
911,osgb1000030285563,0.19,0.408,C) High,70
912,osgb1000030285564,0.114,0.191,B) Medium,97
913,osgb1000030285567,0.03,0.048,A) Low,100
914,osgb1000030285568,0.026,0.055,A) Low,95
915,osgb1000030285569,0.003,0.004,A) Low,7
916,osgb1000030285571,0.004,0.005,A) Low,14
917,osgb1000030285573,0.012,0.029,A) Low,13
918,osgb1000030285580,0.002,0.004,A) Low,9
919,osgb1000030285581,0.023,0.062,A) Low,11
920,osgb1000030285583,0.003,0.004,A) Low,12
921,osgb1000030285584,0.003,0.005,A) Low,13
922,osgb1000030285585,0.003,0.004,A) Low,10
923,osgb1000030285586,0.005,0.008,A) Low,14
924,osgb1000030285694,0.007,0.011,A) Low,44
925,osgb1000030285695,0.046,0.137,A) Low,66
926,osgb1000030285690,0.023,0.054,A) Low,63
927,osgb1000030285691,0.118,0.15,B) Medium,60
928,osgb1000030285693,0.015,0.037,A) Low,716
929,osgb1000030288065,0.037,0.076,A) Low,57
930,osgb1000030288029,0.118,0.142,B) Medium,6
931,osgb1000030288030,0.124,0.151,B) Medium,33
932,osgb1000030288031,0.128,0.174,B) Medium,64
933,osgb1000030288032,0.108,0.189,B) Medium,44
934,osgb1000030288033,0.045,0.093,A) Low,75
935,osgb1000030288066,0.025,0.064,A) Low,61
936,osgb1000030288068,0.022,0.06,A) Low,59
937,osgb1000030288069,0.002,0.002,A) Low,63
938,osgb1000030288035,0.037,0.074,A) Low,405
939,osgb1000030288036,0.004,0.005,A) Low,80
940,osgb1000030288037,0.007,0.007,A) Low,121
941,osgb1000030288038,0.01,0.023,A) Low,74
942,osgb1000030288039,0.005,0.011,A) Low,51
943,osgb1000030288041,0.005,0.006,A) Low,9
944,osgb1000030288042,0.007,0.012,A) Low,5
945,osgb1000030288062,0.016,0.019,A) Low,0
946,osgb1000030288067,0.037,0.118,A) Low,64
947,osgb1000030288070,0.002,0.002,A) Low,69
948,osgb1000030288072,0.008,0.016,A) Low,64
949,osgb1000030288073,0.019,0.042,A) Low,14
950,osgb1000030288076,0.005,0.007,A) Low,16
951,osgb1000030288078,0.006,0.011,A) Low,67
952,osgb1000030288079,0.005,0.009,A) Low,71
953,osgb1000030288080,0.005,0.007,A) Low,71
954,osgb1000030288081,0.03,0.086,A) Low,69
955,osgb1000030288082,0.027,0.05,A) Low,77
956,osgb1000030288083,0.075,0.222,A) Low,78
957,osgb1000030288084,0.03,0.07,A) Low,76
958,osgb1000030288085,0.048,0.076,A) Low,74
959,osgb1000030288086,0.058,0.092,A) Low,70
960,osgb1000030288087,0.045,0.09,A) Low,74
961,osgb1000030288088,0.042,0.086,A) Low,71
962,osgb1000030288090,0.004,0.007,A) Low,69
963,osgb1000030288091,0.004,0.007,A) Low,70
964,osgb1000030288092,0.004,0.007,A) Low,69
965,osgb1000030288093,0.004,0.008,A) Low,70
966,osgb1000030288094,0.005,0.007,A) Low,68
967,osgb1000030288095,0.004,0.006,A) Low,67
968,osgb1000030288096,0.004,0.006,A) Low,69
969,osgb1000030288097,0.004,0.006,A) Low,66
970,osgb1000030288098,0.004,0.005,A) Low,62
971,osgb1000030288099,0.004,0.005,A) Low,66
972,osgb1000030288120,0.047,0.094,A) Low,52
973,osgb1000030288121,0.022,0.054,A) Low,52
974,osgb1000030288122,0.029,0.058,A) Low,53
975,osgb1000030288123,0.019,0.037,A) Low,56
976,osgb1000030288150,0.223,0.643,C) High,65
977,osgb1000030288152,0.232,0.51,C) High,74
978,osgb1000030288156,0.004,0.005,A) Low,77
979,osgb1000030361663,0.101,0.124,B) Medium,13
980,osgb1000030361561,0.006,0.011,A) Low,49
981,osgb1000030361577,0.027,0.037,A) Low,4
982,osgb1000030361589,0.032,0.052,A) Low,70
983,osgb1000030361590,0.008,0.009,A) Low,9
984,osgb1000030361604,0.067,0.079,A) Low,13
985,osgb1000030361621,0.009,0.014,A) Low,93
986,osgb1000030361633,0.046,0.046,A) Low,3
987,osgb1000030361635,0.011,0.013,A) Low,20
988,osgb1000030361658,0.017,0.025,A) Low,6
989,osgb1000030361659,0.018,0.024,A) Low,19
990,osgb1000030361660,0.016,0.024,A) Low,16
991,osgb1000030361661,0.023,0.042,A) Low,59
992,osgb1000030361678,0.052,0.106,A) Low,28
993,osgb1000030361686,0.294,0.32,C) High,13
994,osgb1000030361688,0.117,0.282,B) Medium,72
995,osgb1000030361689,0.049,0.134,A) Low,13
996,osgb1000030361695,0.052,0.079,A) Low,59
997,osgb1000030361707,0.046,0.094,A) Low,54
998,osgb1000030361708,0.025,0.051,A) Low,55
999,osgb1000030361709,0.02,0.038,A) Low,57
1000,osgb1000030361710,0.013,0.025,A) Low,65
1001,osgb1000030361711,0.017,0.042,A) Low,76
1002,osgb1000030361712,0.018,0.045,A) Low,71
1003,osgb1000030361713,0.042,0.064,A) Low,63
1004,osgb1000030361714,0.053,0.063,A) Low,72
1005,osgb1000030361715,0.035,0.06,A) Low,67
1006,osgb1000030361716,0.015,0.024,A) Low,66
1007,osgb1000030361717,0.005,0.007,A) Low,8
1008,osgb1000030361719,0.078,0.091,A) Low,1
1009,osgb1000030361775,0.229,0.638,C) High,40
1010,osgb1000030361790,0.026,0.032,A) Low,12
1011,osgb1000030361792,0.022,0.046,A) Low,82
1012,osgb1000030361793,0.058,0.142,A) Low,92
1013,osgb1000030361794,0.156,0.387,C) High,77
1014,osgb1000030361796,0.041,0.114,A) Low,61
1015,osgb1000030361810,0.017,0.035,A) Low,88
1016,osgb1000030361813,0.011,0.023,A) Low,13
1017,osgb1000030361814,0.007,0.011,A) Low,85
1018,osgb1000030361828,0.019,0.036,A) Low,86
1019,osgb1000030361829,0.018,0.046,A) Low,82
1020,osgb1000030362205,0.005,0.006,A) Low,52
1021,osgb1000030362206,0.005,0.006,A) Low,53
1022,osgb1000030363742,0.029,0.061,A) Low,67
1023,osgb1000030363826,0.002,0.002,A) Low,2
1024,osgb1000030363827,0.002,0.003,A) Low,13
1025,osgb1000030363694,0.002,0.003,A) Low,21
1026,osgb1000030363695,0.012,0.027,A) Low,132
1027,osgb1000030363697,0.035,0.098,A) Low,749
1028,osgb1000030363698,0.017,0.029,A) Low,3
1029,osgb1000030363700,0.009,0.026,A) Low,91
1030,osgb1000030363701,0.001,0.002,A) Low,408
1031,osgb1000030363717,0.024,0.042,A) Low,222
1032,osgb1000030363703,0.006,0.006,A) Low,3900
1033,osgb1000030363704,0.003,0.005,A) Low,19
1034,osgb1000030363705,0.002,0.002,A) Low,6
1035,osgb1000030363706,0.014,0.019,A) Low,18
1036,osgb1000030363708,0.136,0.333,C) High,57
1037,osgb1000030363709,0.116,0.178,B) Medium,4
1038,osgb1000030363710,0.003,0.004,A) Low,18
1039,osgb1000030363720,0.173,0.379,C) High,947
1040,osgb1000030363722,0.047,0.067,A) Low,65
1041,osgb1000030363723,0.994,1.011,C) High,5
1042,osgb1000030363733,0.208,0.502,C) High,179
1043,osgb1000030363736,0.014,0.019,A) Low,67
1044,osgb1000030363737,0.018,0.036,A) Low,65
1045,osgb1000030363738,0.019,0.038,A) Low,65
1046,osgb1000030363739,0.012,0.022,A) Low,88
1047,osgb1000030363740,0.008,0.014,A) Low,62
1048,osgb1000030363741,0.006,0.011,A) Low,63
1049,osgb1000030363746,0.014,0.025,A) Low,65
1050,osgb1000030363747,0.027,0.064,A) Low,66
1051,osgb1000030363748,0.015,0.041,A) Low,66
1052,osgb1000030363749,0.005,0.012,A) Low,69
1053,osgb1000030363751,0.002,0.003,A) Low,140
1054,osgb1000030363786,0.005,0.007,A) Low,16
1055,osgb1000030363792,0.009,0.01,A) Low,6
1056,osgb1000030363795,0.034,0.049,A) Low,85
1057,osgb1000030363796,0.041,0.049,A) Low,81
1058,osgb1000030363797,0.025,0.047,A) Low,85
1059,osgb1000030363798,0.008,0.029,A) Low,85
1060,osgb1000030363801,0.014,0.033,A) Low,64
1061,osgb1000030363811,0.002,0.002,A) Low,2
1062,osgb1000030363869,0.005,0.008,A) Low,76
1063,osgb1000030363828,0.002,0.003,A) Low,56
1064,osgb1000030363835,0.003,0.004,A) Low,57
1065,osgb1000030363836,0.003,0.003,A) Low,9
1066,osgb1000030363837,0.004,0.006,A) Low,14
1067,osgb1000030363838,0.002,0.003,A) Low,61
1068,osgb1000030363840,0.023,0.061,A) Low,10
1069,osgb1000030363841,0.023,0.061,A) Low,12
1070,osgb1000030363842,0.004,0.008,A) Low,67
1071,osgb1000030363849,0.083,0.083,A) Low,2
1072,osgb1000030363850,0.083,0.083,A) Low,2
1073,osgb1000030363851,0.141,0.25,B) Medium,57
1074,osgb1000030363852,0.231,0.38,C) High,80
1075,osgb1000030363859,0.018,0.037,A) Low,3
1076,osgb1000030363862,0.067,0.176,A) Low,16
1077,osgb1000030363864,0.002,0.002,A) Low,2
1078,osgb1000030363867,0.006,0.012,A) Low,11
1079,osgb1000030363868,0.006,0.008,A) Low,74
1080,osgb1000030363872,0.006,0.008,A) Low,108
1081,osgb1000030363874,0.027,0.093,A) Low,106
1082,osgb1000030363876,0.003,0.004,A) Low,16
1083,osgb1000030363878,0.146,0.227,B) Medium,12
1084,osgb1000030363887,0.009,0.016,A) Low,15
1085,osgb1000030363890,0.021,0.028,A) Low,99
1086,osgb1000030363896,0.034,0.102,A) Low,103
1087,osgb1000030363899,0.014,0.027,A) Low,5
1088,osgb1000030363901,0.011,0.009,A) Low,158
1089,osgb1000030363902,0.017,0.045,A) Low,16
1090,osgb1000030363918,0.021,0.041,A) Low,72
1091,osgb1000030363923,0.016,0.031,A) Low,9
1092,osgb1000030363924,0.017,0.034,A) Low,74
1093,osgb1000030363944,0.005,0.008,A) Low,9
1094,osgb1000030363948,0.041,0.061,A) Low,9
1095,osgb1000030363950,0.06,0.062,A) Low,3
1096,osgb1000030363955,0.018,0.037,A) Low,12
1097,osgb1000030363957,0.073,0.129,A) Low,80
1098,osgb1000030363961,0.025,0.057,A) Low,13
1099,osgb1000030363972,0.003,0.004,A) Low,20
1100,osgb1000030363977,0.153,0.184,B) Medium,83
1101,osgb1000030363978,0.173,0.184,B) Medium,7
1102,osgb1000030363979,0.125,0.183,B) Medium,69
1103,osgb1000030363980,0.093,0.148,A) Low,10
1104,osgb1000030363987,0.054,0.1,A) Low,13
1105,osgb1000030364002,0.093,0.093,A) Low,11
1106,osgb1000030364007,0.002,0.003,A) Low,0
1107,osgb1000030364009,0.007,0.011,A) Low,69
1108,osgb1000030364012,0.019,0.028,A) Low,6
1109,osgb1000030364013,0.015,0.037,A) Low,61
1110,osgb1000030364026,0.009,0.022,A) Low,12
1111,osgb1000030364062,0.016,0.03,A) Low,14
1112,osgb1000030364063,0.015,0.026,A) Low,13
1113,osgb1000030364068,0.012,0.018,A) Low,3
1114,osgb1000030364073,0.044,0.055,A) Low,12
1115,osgb1000030364074,0.036,0.038,A) Low,8
1116,osgb1000030364075,0.034,0.035,A) Low,3
1117,osgb1000030364083,0.013,0.018,A) Low,7
1118,osgb1000030364087,0.012,0.013,A) Low,3
1119,osgb1000030364091,0.029,0.062,A) Low,67
1120,osgb1000030364094,0.032,0.064,A) Low,3
1121,osgb1000030364096,0.005,0.006,A) Low,3
1122,osgb1000030364097,0.014,0.023,A) Low,11
1123,osgb1000030364098,0.02,0.027,A) Low,3
1124,osgb1000030364099,0.013,0.026,A) Low,52
1125,osgb1000030364100,0.014,0.026,A) Low,50
1126,osgb1000030364101,0.017,0.022,A) Low,2
1127,osgb1000030364105,0.019,0.026,A) Low,3
1128,osgb1000030364107,0.015,0.021,A) Low,2
1129,osgb1000030364111,0.014,0.027,A) Low,63
1130,osgb1000030364114,0.04,0.068,A) Low,67
1131,osgb1000030364129,0.009,0.011,A) Low,13
1132,osgb1000030364131,0.018,0.039,A) Low,50
1133,osgb1000030364132,0.016,0.038,A) Low,51
1134,osgb1000030364133,0.023,0.048,A) Low,15
1135,osgb1000030364138,0.102,0.199,B) Medium,58
1136,osgb1000030364147,0.064,0.106,A) Low,2
1137,osgb1000030364155,0.063,0.082,A) Low,55
1138,osgb1000030364159,0.008,0.013,A) Low,11
1139,osgb1000030364160,0.008,0.012,A) Low,54
1140,osgb1000030364168,0.031,0.059,A) Low,71
1141,osgb1000030364169,0.029,0.029,A) Low,2
1142,osgb1000030364173,0.065,0.144,A) Low,89
1143,osgb1000030364178,0.01,0.016,A) Low,12
1144,osgb1000030364184,0.008,0.01,A) Low,78
1145,osgb1000030364187,0.007,0.012,A) Low,84
1146,osgb1000030364195,0.002,0.002,A) Low,73
1147,osgb1000030364199,0.021,0.06,A) Low,75
1148,osgb1000030364203,0.03,0.074,A) Low,30
1149,osgb1000030364205,0.109,0.179,B) Medium,99
1150,osgb1000030364206,0.048,0.05,A) Low,10
1151,osgb1000030364207,0.089,0.155,A) Low,68
1152,osgb1000030364217,0.023,0.042,A) Low,12
1153,osgb1000030364220,0.039,0.043,A) Low,3
1154,osgb1000030364244,0.114,0.175,B) Medium,11
1155,osgb1000030364223,0.09,0.094,A) Low,3
1156,osgb1000030364229,0.038,0.063,A) Low,48
1157,osgb1000030364230,0.018,0.031,A) Low,11
1158,osgb1000030364232,0.025,0.03,A) Low,41
1159,osgb1000030364233,0.022,0.023,A) Low,4
1160,osgb1000030364245,0.032,0.053,A) Low,45
1161,osgb1000030364246,0.016,0.02,A) Low,46
1162,osgb1000030364253,0.01,0.016,A) Low,42
1163,osgb1000030364254,0.008,0.009,A) Low,10
1164,osgb1000030364259,0.01,0.015,A) Low,65
1165,osgb1000030364260,0.01,0.013,A) Low,8
1166,osgb1000030364263,0.028,0.078,A) Low,28
1167,osgb1000030364264,0.082,0.133,A) Low,50
1168,osgb1000030364268,0.051,0.131,A) Low,21
1169,osgb1000030364277,0.004,0.005,A) Low,2
1170,osgb1000030364290,0.01,0.01,A) Low,3
1171,osgb1000030364299,0.002,0.002,A) Low,3
1172,osgb1000030364301,0.002,0.002,A) Low,2
1173,osgb1000030364302,0.057,0.159,A) Low,88
1174,osgb1000030364303,0.036,0.086,A) Low,72
1175,osgb1000030364308,0.005,0.009,A) Low,79
1176,osgb1000030364309,0.003,0.005,A) Low,82
1177,osgb1000030364314,0.026,0.06,A) Low,102
1178,osgb1000030364316,0.004,0.005,A) Low,4
1179,osgb1000030364343,0.142,0.248,B) Medium,251
1180,osgb1000030364350,0.077,0.094,A) Low,10
1181,osgb1000030364351,0.052,0.093,A) Low,8
1182,osgb1000030364372,0.003,0.004,A) Low,61
1183,osgb1000030364397,0.034,0.081,A) Low,18
1184,osgb1000030364399,0.353,0.486,C) High,65
1185,osgb1000030364375,0.282,0.311,C) High,6
1186,osgb1000030364376,0.318,0.318,C) High,6
1187,osgb1000030364379,0.017,0.026,A) Low,40
1188,osgb1000030364418,0.034,0.075,A) Low,81
1189,osgb1000030364383,0.016,0.013,A) Low,108
1190,osgb1000030364384,0.003,0.004,A) Low,44
1191,osgb1000030364390,0.134,0.161,B) Medium,3
1192,osgb1000030364391,0.024,0.044,A) Low,13
1193,osgb1000030364392,0.02,0.044,A) Low,12
1194,osgb1000030364395,0.004,0.006,A) Low,8
1195,osgb1000030364396,0.031,0.083,A) Low,86
1196,osgb1000030364400,0.478,0.539,C) High,67
1197,osgb1000030364404,0.069,0.133,A) Low,51
1198,osgb1000030364405,0.036,0.069,A) Low,49
1199,osgb1000030364407,0.275,0.329,C) High,115
1200,osgb1000030364408,0.35,0.379,C) High,71
1201,osgb1000030364409,0.353,0.413,C) High,70
1202,osgb1000030364421,0.027,0.06,A) Low,98
1203,osgb1000030364422,0.042,0.073,A) Low,87
1204,osgb1000030364423,0.108,0.158,B) Medium,15
1205,osgb1000030364424,0.044,0.079,A) Low,101
1206,osgb1000030364425,0.039,0.088,A) Low,91
1207,osgb1000030364426,0.034,0.071,A) Low,14
1208,osgb1000030364429,0.051,0.075,A) Low,86
1209,osgb1000030364430,0.045,0.063,A) Low,19
1210,osgb1000030364431,0.044,0.056,A) Low,83
1211,osgb1000030364432,0.069,0.133,A) Low,89
1212,osgb1000030364433,0.069,0.123,A) Low,85
1213,osgb1000030364438,0.096,0.196,A) Low,87
1214,osgb1000030364439,0.155,0.188,B) Medium,5
1215,osgb1000030364447,0.004,0.006,A) Low,88
1216,osgb1000030364448,0.003,0.004,A) Low,14
1217,osgb1000030364450,0.003,0.004,A) Low,86
1218,osgb1000030364454,0.003,0.004,A) Low,86
1219,osgb1000030364455,0.012,0.027,A) Low,18
1220,osgb1000030364456,0.003,0.004,A) Low,19
1221,osgb1000030364457,0.003,0.004,A) Low,19
1222,osgb1000030364458,0.003,0.004,A) Low,88
1223,osgb1000030364462,0.013,0.023,A) Low,13
1224,osgb1000030364463,0.011,0.02,A) Low,11
1225,osgb1000030364464,0.005,0.008,A) Low,88
1226,osgb1000030364466,0.018,0.029,A) Low,5
1227,osgb1000030364467,0.013,0.025,A) Low,12
1228,osgb1000030364475,0.003,0.004,A) Low,17
1229,osgb1000030364488,0.007,0.013,A) Low,89
1230,osgb1000030364490,0.016,0.032,A) Low,62
1231,osgb1000030364491,0.015,0.03,A) Low,86
1232,osgb1000030364492,0.02,0.046,A) Low,87
1233,osgb1000030364493,0.04,0.05,A) Low,14
1234,osgb1000030364494,0.038,0.043,A) Low,3
1235,osgb1000030364504,0.067,0.089,A) Low,9
1236,osgb1000030364520,0.054,0.171,A) Low,46
1237,osgb1000030365911,0.012,0.033,A) Low,70
1238,osgb1000030365930,0.051,0.101,A) Low,23
1239,osgb1000030366015,0.131,0.358,C) High,65
1240,osgb1000030366016,0.048,0.141,A) Low,68
1241,osgb1000030366017,0.032,0.085,A) Low,67
1242,osgb1000030366018,0.015,0.047,A) Low,67
1243,osgb1000030366019,0.065,0.157,A) Low,74
1244,osgb1000030366020,0.311,0.796,C) High,107
1245,osgb1000030366021,0.464,0.831,C) High,107
1246,osgb1000030366022,0.38,0.817,C) High,78
1247,osgb1000030366023,0.269,0.669,C) High,78
1248,osgb1000030366024,0.204,0.507,C) High,67
1249,osgb1000030366025,0.284,0.493,C) High,65
1250,osgb1000030366026,0.096,0.283,A) Low,65
1251,osgb1000030366027,0.004,0.005,A) Low,74
1252,osgb1000030366028,0.013,0.017,A) Low,78
1253,osgb1000030366029,0.022,0.031,A) Low,78
1254,osgb1000030366031,0.002,0.005,A) Low,107
1255,osgb1000030366032,0.002,0.003,A) Low,107
1256,osgb1000030366036,0.006,0.006,A) Low,0
1257,osgb1000030366037,0.004,0.006,A) Low,93
1258,osgb1000030366038,0.023,0.045,A) Low,91
1259,osgb1000030366039,0.003,0.005,A) Low,73
1260,osgb1000030366040,0.003,0.004,A) Low,68
1261,osgb1000030366041,0.009,0.014,A) Low,66
1262,osgb1000030366042,0.017,0.026,A) Low,74
1263,osgb1000030366043,0.003,0.005,A) Low,68
1264,osgb1000030366046,0.013,0.04,A) Low,67
1265,osgb1000030366047,0.004,0.006,A) Low,65
1266,osgb1000030366048,0.005,0.01,A) Low,65
1267,osgb1000030366049,0.015,0.029,A) Low,74
1268,osgb1000030366053,0.015,0.032,A) Low,7
1269,osgb1000030366054,0.002,0.003,A) Low,7
1270,osgb1000030366055,0.002,0.003,A) Low,7
1271,osgb1000030366056,0.002,0.003,A) Low,7
1272,osgb1000030366057,0.009,0.015,A) Low,74
1273,osgb1000030366058,0.008,0.013,A) Low,64
1274,osgb1000030366059,0.009,0.011,A) Low,65
1275,osgb1000030366067,0.02,0.039,A) Low,68
1276,osgb1000030366068,0.031,0.085,A) Low,80
1277,osgb1000030429297,0.009,0.017,A) Low,68
1278,osgb1000030429299,0.049,0.056,A) Low,7
1279,osgb1000030429300,0.05,0.076,A) Low,38
1280,osgb1000030429301,0.081,0.089,A) Low,1
1281,osgb1000030429307,0.089,0.097,A) Low,19
1282,osgb1000030433456,0.01,0.01,A) Low,2
1283,osgb1000030433458,0.006,0.009,A) Low,16
1284,osgb1000030433485,0.027,0.068,A) Low,73
1285,osgb1000030433753,0.126,0.209,B) Medium,48
1286,osgb1000030433723,0.004,0.006,A) Low,68
1287,osgb1000030433751,0.12,0.168,B) Medium,46
1288,osgb1000030433752,0.119,0.187,B) Medium,67
1289,osgb1000030433754,0.096,0.177,A) Low,14
1290,osgb1000030433765,0.159,0.324,C) High,25
1291,osgb1000030433792,0.038,0.106,A) Low,57
1292,osgb1000030433796,0.018,0.032,A) Low,80
1293,osgb1000030433800,0.07,0.124,A) Low,10
1294,osgb1000030433815,0.078,0.13,A) Low,71
1295,osgb1000030433817,0.062,0.097,A) Low,9
1296,osgb1000030434407,0.021,0.04,A) Low,75
1297,osgb1000042763699,0.05,0.06,A) Low,15
1298,osgb1000042571319,0.03,0.104,A) Low,79
1299,osgb1000042571322,0.104,0.165,B) Medium,72
1300,osgb1000042571332,0.03,0.077,A) Low,79
1301,osgb1000042763701,0.018,0.044,A) Low,15
1302,osgb1000042763700,0.036,0.055,A) Low,15
1303,osgb1000042763702,0.021,0.041,A) Low,15
1304,osgb1000042763660,0.017,0.025,A) Low,37
1305,osgb1000042763661,0.017,0.024,A) Low,37
1306,osgb1000042763662,0.016,0.024,A) Low,37
1307,osgb1000042763663,0.038,0.074,A) Low,37
1308,osgb1000042763694,0.017,0.034,A) Low,15
1309,osgb1000042763695,0.018,0.038,A) Low,15
1310,osgb1000042763696,0.026,0.041,A) Low,15
1311,osgb1000042763697,0.027,0.045,A) Low,15
1312,osgb1000042763698,0.036,0.057,A) Low,15
1313,osgb1000042763703,0.008,0.014,A) Low,15
1314,osgb1000042763704,0.01,0.015,A) Low,15
1315,osgb1000042763705,0.026,0.05,A) Low,15
1316,osgb1000042763706,0.021,0.046,A) Low,15
1317,osgb1000042763707,0.048,0.101,A) Low,15
1318,osgb1000042763709,0.06,0.1,A) Low,15
1319,osgb1000042763710,0.002,0.003,A) Low,32
1320,osgb1000042763711,0.002,0.003,A) Low,6
1321,osgb1000042808383,0.009,0.019,A) Low,72
1322,osgb1000042808384,0.008,0.018,A) Low,72
1323,osgb1000042808386,0.011,0.027,A) Low,72
1324,osgb1000042808388,0.003,0.004,A) Low,75
1325,osgb1000042808389,0.004,0.005,A) Low,66
1326,osgb1000042808390,0.005,0.01,A) Low,66
1327,osgb1000042889979,0.007,0.025,A) Low,523
1328,osgb1000042889980,0.02,0.049,A) Low,302
1329,osgb1000042889981,0.038,0.122,A) Low,967
1330,osgb1000042936454,0.022,0.048,A) Low,70
1331,osgb1000042936460,0.008,0.017,A) Low,74
1332,osgb1000042947070,0.006,0.008,A) Low,12
1333,osgb1000002310298673,0.069,0.089,A) Low,2
1334,osgb1000002310298682,0.06,0.064,A) Low,6
1335,osgb1000002310298647,0.025,0.034,A) Low,24
1336,osgb1000002310298676,0.074,0.267,A) Low,177
1337,osgb1000002310298644,0.002,0.004,A) Low,34
1338,osgb1000002310298684,0.002,0.002,A) Low,1
1339,osgb1000002310298654,0.003,0.006,A) Low,98
1340,osgb1000002310298662,0.002,0.002,A) Low,6
1341,osgb1000002310298665,0.073,0.134,A) Low,6376
1342,osgb1000002310298667,0.03,0.059,A) Low,43
1343,osgb1000002310298669,0.038,0.066,A) Low,15
1344,osgb1000002310298671,0.009,0.02,A) Low,38
1345,osgb1000002310298675,0.176,0.489,C) High,35
1346,osgb1000030364346,0.089,0.209,A) Low,76
1347,osgb1000002310298698,0.038,0.038,A) Low,2
1348,osgb1000002310298701,0.027,0.056,A) Low,173
1349,osgb1000002310298695,0.016,0.019,A) Low,5
1350,osgb1000002310334035,0.022,0.037,A) Low,37
1351,osgb1000002310334228,0.006,0.007,A) Low,4
1352,osgb1000002020965805,0.105,0.237,B) Medium,71
1353,osgb1000002310334229,0.004,0.006,A) Low,17
1354,osgb1000002310334036,0.024,0.046,A) Low,39
1355,osgb1000002310334037,0.004,0.006,A) Low,10
1356,osgb1000002310334227,0.009,0.016,A) Low,13
1357,osgb1000002310334034,0.014,0.031,A) Low,39
1358,osgb1000002310334236,0.007,0.013,A) Low,27
1359,osgb1000030284676,0.005,0.006,A) Low,74
1360,osgb1000030284311,0.013,0.024,A) Low,61
1361,osgb1000030283958,0.01,0.015,A) Low,1297
1362,osgb1000030284205,0.02,0.025,A) Low,91
1363,osgb1000030284206,0.016,0.029,A) Low,93
1364,osgb1000030284207,0.009,0.019,A) Low,90
1365,osgb1000030284210,0.006,0.009,A) Low,64
1366,osgb1000030284211,0.01,0.015,A) Low,67
1367,osgb1000030284083,0.064,0.113,A) Low,77
1368,osgb1000030284084,0.095,0.154,A) Low,78
1369,osgb1000030284085,0.004,0.007,A) Low,83
1370,osgb1000030284086,0.005,0.008,A) Low,80
1371,osgb1000030284087,0.008,0.019,A) Low,85
1372,osgb1000030284088,0.01,0.021,A) Low,90
1373,osgb1000030284089,0.005,0.006,A) Low,79
1374,osgb1000030284090,0.004,0.005,A) Low,84
1375,osgb1000030284096,0.046,0.117,A) Low,19
1376,osgb1000030284125,0.017,0.025,A) Low,57
1377,osgb1000030284126,0.025,0.041,A) Low,59
1378,osgb1000030284130,0.186,0.219,B) Medium,80
1379,osgb1000030284131,0.146,0.189,B) Medium,84
1380,osgb1000030284137,0.348,0.528,C) High,79
1381,osgb1000030284143,0.062,0.131,A) Low,59
1382,osgb1000030284144,0.141,0.196,B) Medium,81
1383,osgb1000030284147,0.057,0.074,A) Low,59
1384,osgb1000030284148,0.045,0.064,A) Low,58
1385,osgb1000030284163,0.227,0.344,C) High,83
1386,osgb1000030284204,0.02,0.036,A) Low,92
1387,osgb1000030284208,0.003,0.003,A) Low,109
1388,osgb1000030284209,0.003,0.004,A) Low,78
1389,osgb1000030284217,0.008,0.011,A) Low,82
1390,osgb1000030284218,0.005,0.01,A) Low,85
1391,osgb1000030284229,0.003,0.005,A) Low,113
1392,osgb1000030284230,0.021,0.05,A) Low,93
1393,osgb1000030284231,0.022,0.042,A) Low,89
1394,osgb1000030284232,0.01,0.011,A) Low,89
1395,osgb1000030284245,0.06,0.126,A) Low,82
1396,osgb1000030284246,0.096,0.297,A) Low,79
1397,osgb1000030284309,0.055,0.158,A) Low,64
1398,osgb1000030284310,0.044,0.126,A) Low,59
1399,osgb1000030284312,0.025,0.058,A) Low,62
1400,osgb1000030284337,0.062,0.193,A) Low,68
1401,osgb1000030284362,0.004,0.007,A) Low,6
1402,osgb1000030284369,0.29,0.516,C) High,56
1403,osgb1000030284370,0.152,0.301,C) High,97
1404,osgb1000030284404,0.042,0.092,A) Low,58
1405,osgb1000030284408,0.033,0.044,A) Low,13
1406,osgb1000030284416,0.019,0.022,A) Low,12
1407,osgb1000030284454,0.038,0.065,A) Low,71
1408,osgb1000030284455,0.04,0.086,A) Low,58
1409,osgb1000030284456,0.05,0.097,A) Low,56
1410,osgb1000030284457,0.028,0.05,A) Low,45
1411,osgb1000030284458,0.016,0.037,A) Low,60
1412,osgb1000030284472,0.102,0.269,B) Medium,59
1413,osgb1000030284473,0.104,0.291,B) Medium,56
1414,osgb1000030284474,0.091,0.247,A) Low,13
1415,osgb1000030284683,0.006,0.007,A) Low,99
1416,osgb1000030284684,0.005,0.006,A) Low,3
1417,osgb1000030288074,0.013,0.031,A) Low,44
1418,osgb1000030285365,0.037,0.083,A) Low,83
1419,osgb1000030285436,0.213,0.223,B) Medium,9
1420,osgb1000030285446,0.151,0.239,B) Medium,73
1421,osgb1000030285447,0.16,0.239,B) Medium,69
1422,osgb1000030285570,0.083,0.171,A) Low,12
1423,osgb1000030285449,0.154,0.224,B) Medium,86
1424,osgb1000030285457,0.016,0.031,A) Low,61
1425,osgb1000030285464,0.205,0.313,C) High,80
1426,osgb1000030285465,0.213,0.314,C) High,81
1427,osgb1000030285466,0.146,0.246,B) Medium,79
1428,osgb1000030285467,0.093,0.187,A) Low,80
1429,osgb1000030285482,0.031,0.056,A) Low,81
1430,osgb1000030285483,0.017,0.039,A) Low,1556
1431,osgb1000030285506,0.005,0.007,A) Low,86
1432,osgb1000030285507,0.011,0.023,A) Low,77
1433,osgb1000030285521,0.022,0.025,A) Low,59
1434,osgb1000030285536,0.018,0.051,A) Low,68
1435,osgb1000030285537,0.015,0.024,A) Low,75
1436,osgb1000030285538,0.007,0.014,A) Low,96
1437,osgb1000030285539,0.012,0.014,A) Low,98
1438,osgb1000030285542,0.006,0.012,A) Low,84
1439,osgb1000030285543,0.007,0.008,A) Low,83
1440,osgb1000030285554,0.095,0.211,A) Low,98
1441,osgb1000030285556,0.035,0.148,A) Low,102
1442,osgb1000030285561,0.069,0.182,A) Low,71
1443,osgb1000030285562,0.208,0.408,C) High,72
1444,osgb1000030285565,0.104,0.177,B) Medium,70
1445,osgb1000030285566,0.059,0.146,A) Low,72
1446,osgb1000030285572,0.011,0.025,A) Low,8
1447,osgb1000030285574,0.1,0.292,B) Medium,10
1448,osgb1000030285575,0.124,0.34,C) High,11
1449,osgb1000030285582,0.017,0.044,A) Low,13
1450,osgb1000030285587,0.004,0.005,A) Low,19
1451,osgb1000030285588,0.011,0.025,A) Low,19
1452,osgb1000030285692,0.013,0.022,A) Low,237
1453,osgb1000030285702,0.024,0.044,A) Low,64
1454,osgb1000030285703,0.004,0.005,A) Low,102
1455,osgb1000030285704,0.031,0.057,A) Low,79
1456,osgb1000030288064,0.067,0.203,A) Low,58
1457,osgb1000030288063,0.071,0.22,A) Low,63
1458,osgb1000030288075,0.004,0.006,A) Low,44
1459,osgb1000030288116,0.011,0.012,A) Low,4
1460,osgb1000030288117,0.027,0.052,A) Low,59
1461,osgb1000030288118,0.048,0.08,A) Low,57
1462,osgb1000030288119,0.052,0.109,A) Low,54
1463,osgb1000030288124,0.016,0.024,A) Low,54
1464,osgb1000030288125,0.009,0.016,A) Low,55
1465,osgb1000030288126,0.004,0.006,A) Low,56
1466,osgb1000030288127,0.003,0.005,A) Low,57
1467,osgb1000030288128,0.003,0.005,A) Low,73
1468,osgb1000030288149,0.119,0.386,C) High,67
1469,osgb1000030288151,0.24,0.483,C) High,65
1470,osgb1000030288153,0.212,0.492,C) High,74
1471,osgb1000030288154,0.005,0.007,A) Low,54
1472,osgb1000030288155,0.004,0.006,A) Low,55
1473,osgb1000030361603,0.07,0.081,A) Low,12
1474,osgb1000030361605,0.087,0.163,A) Low,84
1475,osgb1000030361611,0.033,0.055,A) Low,77
1476,osgb1000030361630,0.016,0.036,A) Low,64
1477,osgb1000030361636,0.011,0.013,A) Low,8
1478,osgb1000030361637,0.013,0.015,A) Low,9
1479,osgb1000030361638,0.012,0.013,A) Low,9
1480,osgb1000030361644,0.021,0.041,A) Low,49
1481,osgb1000030361680,0.047,0.136,A) Low,65
1482,osgb1000030361698,0.174,0.185,B) Medium,1
1483,osgb1000030361718,0.12,0.249,B) Medium,95
1484,osgb1000030363743,0.035,0.071,A) Low,61
1485,osgb1000030363744,0.053,0.086,A) Low,62
1486,osgb1000030363745,0.02,0.035,A) Low,66
1487,osgb1000030363985,0.036,0.08,A) Low,93
1488,osgb1000030363986,0.034,0.035,A) Low,3
1489,osgb1000030364059,0.007,0.01,A) Low,73
1490,osgb1000030364179,0.01,0.015,A) Low,14
1491,osgb1000030364288,0.012,0.031,A) Low,11
1492,osgb1000030364304,0.008,0.012,A) Low,90
1493,osgb1000030364345,0.052,0.145,A) Low,711
1494,osgb1000030364387,0.062,0.125,A) Low,92
1495,osgb1000030364388,0.119,0.16,B) Medium,97
1496,osgb1000030364436,0.005,0.006,A) Low,5
1497,osgb1000030365986,0.006,0.012,A) Low,144
1498,osgb1000030366000,0.005,0.01,A) Low,2
1499,osgb1000030366030,0.02,0.029,A) Low,99
1500,osgb1000030366044,0.004,0.006,A) Low,74
1501,osgb1000030366045,0.019,0.038,A) Low,68
1502,osgb1000030366050,0.029,0.074,A) Low,74
1503,osgb1000030366069,0.02,0.053,A) Low,68
1504,osgb1000030433460,0.004,0.005,A) Low,86
1505,osgb1000042763681,0.098,0.148,A) Low,16
1506,osgb1000042763687,0.054,0.11,A) Low,16
1507,osgb1000042763664,0.005,0.009,A) Low,37
1508,osgb1000042763665,0.01,0.016,A) Low,37
1509,osgb1000042763666,0.017,0.035,A) Low,37
1510,osgb1000042763667,0.028,0.044,A) Low,37
1511,osgb1000042763668,0.009,0.017,A) Low,37
1512,osgb1000042763669,0.025,0.067,A) Low,37
1513,osgb1000042763670,0.027,0.071,A) Low,37
1514,osgb1000042763671,0.025,0.061,A) Low,37
1515,osgb1000042763672,0.117,0.239,B) Medium,37
1516,osgb1000042763673,0.148,0.283,B) Medium,37
1517,osgb1000042763674,0.124,0.217,B) Medium,37
1518,osgb1000042763675,0.062,0.106,A) Low,37
1519,osgb1000042763676,0.145,0.267,B) Medium,16
1520,osgb1000042763677,0.094,0.146,A) Low,16
1521,osgb1000042763678,0.091,0.146,A) Low,16
1522,osgb1000042763679,0.091,0.146,A) Low,16
1523,osgb1000042763680,0.09,0.145,A) Low,16
1524,osgb1000042763682,0.087,0.117,A) Low,16
1525,osgb1000042763683,0.085,0.098,A) Low,16
1526,osgb1000042763684,0.098,0.116,A) Low,16
1527,osgb1000042763685,0.074,0.111,A) Low,16
1528,osgb1000042763686,0.054,0.11,A) Low,16
1529,osgb1000042763688,0.087,0.132,A) Low,16
1530,osgb1000042763689,0.058,0.121,A) Low,16
1531,osgb1000042763690,0.15,0.263,B) Medium,16
1532,osgb1000042763691,0.177,0.302,C) High,16
1533,osgb1000042763692,0.246,0.333,C) High,16
1534,osgb1000042763693,0.286,0.351,C) High,16
1535,osgb1000030281839,0.188,0.196,B) Medium,5
1536,osgb1000002310338640,0.009,0.016,A) Low,22
1537,osgb1000030281834,0.061,0.122,A) Low,71
1538,osgb1000030436872,0.005,0.008,A) Low,14
1539,osgb1000030361704,0.036,0.086,A) Low,30
1540,osgb1000002310424794,0.004,0.005,A) Low,28
1541,osgb1000030285708,0.128,0.343,C) High,460
1542,osgb1000002310438161,0.005,0.007,A) Low,472
1543,osgb1000042763708,0.059,0.095,A) Low,15
1544,osgb1000030361770,0.01,0.011,A) Low,4
1545,osgb1000030361771,0.027,0.027,A) Low,10
1546,osgb1000030361772,0.048,0.051,A) Low,6
1547,osgb1000030361773,0.043,0.058,A) Low,11
1548,osgb1000030361774,0.083,0.096,A) Low,9
1549,osgb1000030285712,0.166,0.212,B) Medium,8
1550,osgb1000030430028,0.052,0.064,A) Low,16
1551,osgb1000030430029,0.046,0.056,A) Low,6
1552,osgb1000030430030,0.034,0.042,A) Low,3
1553,osgb5000005156192444,0.01,0.014,A) Low,9
1554,osgb5000005202984951,0.011,0.017,A) Low,29
1555,osgb5000005202984819,0.006,0.009,A) Low,13
1556,osgb5000005202983076,0.004,0.007,A) Low,11
1557,osgb5000005202983139,0.003,0.005,A) Low,8
1558,osgb5000005202984643,0.008,0.009,A) Low,5
1559,osgb5000005202982758,0.006,0.014,A) Low,16
1560,osgb5000005202982965,0.15,0.174,B) Medium,4
1561,osgb5000005202983033,0.002,0.003,A) Low,6
1562,osgb5000005202982745,0.043,0.16,A) Low,20
1563,osgb5000005202984473,0.019,0.024,A) Low,3
1564,osgb5000005202983106,0.036,0.036,A) Low,3
1565,osgb5000005202982936,0.075,0.083,A) Low,8
1566,osgb5000005202983184,0.002,0.003,A) Low,6
1567,osgb5000005202983174,0.045,0.124,A) Low,12
1568,osgb5000005202983255,0.006,0.009,A) Low,15
1569,osgb5000005202982766,0.118,0.259,B) Medium,55
1570,osgb5000005202982774,0.002,0.003,A) Low,4
1571,osgb5000005202983063,0.004,0.006,A) Low,13
1572,osgb5000005202983167,0.006,0.007,A) Low,12
1573,osgb5000005202983114,0.013,0.022,A) Low,19
1574,osgb5000005202982740,0.004,0.006,A) Low,19
1575,osgb5000005202982794,0.04,0.055,A) Low,22
1576,osgb5000005202984691,0.012,0.021,A) Low,11
1577,osgb5000005202982872,0.006,0.012,A) Low,42
1578,osgb5000005202982909,0.002,0.003,A) Low,90
1579,osgb5000005202984877,0.127,0.171,B) Medium,13
1580,osgb5000005202984638,0.096,0.097,A) Low,6
1581,osgb5000005202982888,0.013,0.019,A) Low,14
1582,osgb5000005202983030,0.05,0.083,A) Low,8
1583,osgb5000005202984857,0.002,0.003,A) Low,15
1584,osgb5000005202984538,0.018,0.025,A) Low,13
1585,osgb5000005202982808,0.039,0.081,A) Low,14
1586,osgb5000005202983009,0.173,0.454,C) High,17
1587,osgb5000005202984940,0.004,0.005,A) Low,17
1588,osgb5000005202983057,0.058,0.106,A) Low,14
1589,osgb5000005202983179,0.063,0.118,A) Low,15
1590,osgb5000005202982757,0.025,0.035,A) Low,7
1591,osgb5000005202984803,0.022,0.041,A) Low,7
1592,osgb5000005202984467,0.143,0.157,B) Medium,8
1593,osgb5000005202983022,0.009,0.01,A) Low,14
1594,osgb5000005202984657,0.005,0.007,A) Low,12
1595,osgb5000005202982978,0.014,0.025,A) Low,4
1596,osgb5000005202983134,0.005,0.007,A) Low,7
1597,osgb5000005202982975,0.005,0.012,A) Low,20
1598,osgb5000005202983129,0.019,0.05,A) Low,8
1599,osgb5000005202984929,0.005,0.006,A) Low,9
1600,osgb5000005202983266,0.137,0.284,B) Medium,7
1601,osgb5000005202983172,0.022,0.039,A) Low,109
1602,osgb5000005202983204,0.104,0.123,B) Medium,14
1603,osgb5000005202983231,0.002,0.003,A) Low,9
1604,osgb5000005202982732,0.013,0.014,A) Low,8
1605,osgb5000005202982991,0.006,0.009,A) Low,9
1606,osgb5000005202984560,0.077,0.215,A) Low,20
1607,osgb5000005202982737,0.011,0.021,A) Low,14
1608,osgb5000005202983118,0.011,0.015,A) Low,28
1609,osgb5000005202983195,0.008,0.01,A) Low,15
1610,osgb5000005202984576,0.383,0.574,C) High,4
1611,osgb5000005202983095,0.032,0.062,A) Low,22
1612,osgb5000005202983177,0.007,0.01,A) Low,3
1613,osgb5000005202984700,0.008,0.016,A) Low,29
1614,osgb5000005202983039,0.008,0.021,A) Low,14
1615,osgb5000005202982902,0.005,0.006,A) Low,12
1616,osgb5000005202984509,0.002,0.003,A) Low,5
1617,osgb5000005202983016,0.047,0.054,A) Low,15
1618,osgb5000005202983020,0.025,0.05,A) Low,95
1619,osgb5000005202984785,0.115,0.236,B) Medium,93
1620,osgb5000005202984960,0.06,0.083,A) Low,14
1621,osgb5000005202984956,0.083,0.185,A) Low,14
1622,osgb5000005202984452,0.009,0.016,A) Low,13
1623,osgb5000005202982768,0.122,0.37,C) High,5939
1624,osgb5000005202983142,0.051,0.088,A) Low,11
1625,osgb5000005202984502,0.14,0.22,B) Medium,46
1626,osgb5000005202983078,0.078,0.13,A) Low,15
1627,osgb5000005202983119,0.026,0.048,A) Low,10
1628,osgb5000005202983253,0.097,0.151,A) Low,29
1629,osgb5000005202982887,0.01,0.014,A) Low,16
1630,osgb5000005202982989,0.146,0.169,B) Medium,6
1631,osgb5000005202984629,0.019,0.032,A) Low,9
1632,osgb5000005202984659,0.082,0.125,A) Low,54
1633,osgb5000005202984565,0.01,0.016,A) Low,8
1634,osgb5000005202984962,0.005,0.006,A) Low,53
1635,osgb5000005202984464,0.006,0.007,A) Low,19
1636,osgb5000005202984668,0.006,0.008,A) Low,12
1637,osgb5000005202982973,0.016,0.026,A) Low,14
1638,osgb5000005202984823,0.003,0.005,A) Low,23
1639,osgb5000005202983056,0.026,0.059,A) Low,9
1640,osgb5000005202983156,0.009,0.013,A) Low,150
1641,osgb5000005202984687,0.035,0.04,A) Low,11
1642,osgb5000005202984584,0.015,0.018,A) Low,10
1643,osgb5000005202983000,0.033,0.075,A) Low,13
1644,osgb5000005202983267,0.026,0.063,A) Low,102
1645,osgb5000005202983247,0.036,0.049,A) Low,115
1646,osgb5000005202983098,0.026,0.042,A) Low,13
1647,osgb5000005202983130,0.005,0.007,A) Low,19
1648,osgb5000005202983117,0.027,0.058,A) Low,32
1649,osgb5000005202983015,0.02,0.031,A) Low,4
1650,osgb5000005202983081,0.003,0.005,A) Low,17
1651,osgb5000005202982914,0.012,0.022,A) Low,10
1652,osgb5000005202983046,0.021,0.058,A) Low,75
1653,osgb5000005202983157,0.015,0.029,A) Low,16
1654,osgb5000005202984944,0.002,0.002,A) Low,31
1655,osgb5000005202983036,0.028,0.059,A) Low,101
1656,osgb5000005202984869,0.015,0.032,A) Low,9
1657,osgb5000005202982930,0.101,0.18,B) Medium,12
1658,osgb5000005202984690,0.005,0.008,A) Low,21
1659,osgb5000005202984579,0.015,0.031,A) Low,6
1660,osgb5000005202984479,0.033,0.051,A) Low,7
1661,osgb5000005202984708,0.005,0.005,A) Low,6
1662,osgb5000005202982999,0.004,0.005,A) Low,10
1663,osgb5000005202982815,0.095,0.118,A) Low,20
1664,osgb5000005202984966,0.002,0.002,A) Low,15
1665,osgb5000005202984624,0.006,0.008,A) Low,8
1666,osgb5000005202984649,0.036,0.049,A) Low,20
1667,osgb5000005202982858,0.003,0.003,A) Low,7
1668,osgb5000005202982783,0.007,0.015,A) Low,20
1669,osgb5000005202983079,0.013,0.028,A) Low,23
1670,osgb5000005202983234,0.098,0.129,A) Low,8
1671,osgb5000005202984707,0.016,0.032,A) Low,13
1672,osgb5000005202982827,0.022,0.057,A) Low,23
1673,osgb5000005202984788,0.014,0.025,A) Low,28
1674,osgb5000005202984858,0.006,0.012,A) Low,24
1675,osgb5000005202984663,0.025,0.06,A) Low,9
1676,osgb5000005202984612,0.005,0.008,A) Low,10
1677,osgb5000005202983199,0.139,0.166,B) Medium,6
1678,osgb5000005202982841,0.07,0.109,A) Low,8
1679,osgb5000005202983023,0.012,0.021,A) Low,18
1680,osgb5000005202982777,0.052,0.129,A) Low,3
1681,osgb5000005202983059,0.008,0.01,A) Low,4
1682,osgb5000005202984490,0.014,0.018,A) Low,16
1683,osgb5000005202983155,0.007,0.01,A) Low,16
1684,osgb5000005202982799,0.01,0.012,A) Low,2
1685,osgb5000005202982813,0.003,0.003,A) Low,10
1686,osgb5000005202982829,0.11,0.29,B) Medium,100
1687,osgb5000005202984532,0.009,0.011,A) Low,9
1688,osgb5000005202982744,0.019,0.059,A) Low,58
1689,osgb5000005202984734,0.014,0.025,A) Low,12
1690,osgb5000005202984831,0.126,0.158,B) Medium,12
1691,osgb5000005202982903,0.002,0.003,A) Low,8
1692,osgb5000005202982926,0.326,0.39,C) High,21
1693,osgb5000005202984660,0.13,0.184,B) Medium,5
1694,osgb5000005202983012,0.197,0.286,B) Medium,12
1695,osgb5000005202983193,0.042,0.044,A) Low,3
1696,osgb5000005202982735,0.094,0.132,A) Low,89
1697,osgb5000005202982843,0.114,0.195,B) Medium,12
1698,osgb5000005202984926,0.032,0.055,A) Low,98
1699,osgb5000005202983150,0.009,0.017,A) Low,14
1700,osgb5000005202983044,0.024,0.066,A) Low,14
1701,osgb5000005202983054,0.046,0.086,A) Low,16
1702,osgb5000005202982749,0.018,0.027,A) Low,12
1703,osgb5000005202982738,0.012,0.033,A) Low,99
1704,osgb5000005202984597,0.002,0.002,A) Low,8
1705,osgb5000005202982810,0.142,0.214,B) Medium,10
1706,osgb5000005202982762,0.048,0.065,A) Low,17
1707,osgb5000005202982836,0.022,0.03,A) Low,22
1708,osgb5000005202984447,0.029,0.038,A) Low,8
1709,osgb5000005202982793,0.039,0.12,A) Low,11
1710,osgb5000005202984849,0.005,0.006,A) Low,10
1711,osgb5000005202984632,0.004,0.005,A) Low,29
1712,osgb5000005202983004,0.016,0.04,A) Low,21
1713,osgb5000005202982869,0.106,0.123,B) Medium,7
1714,osgb5000005202982791,0.005,0.008,A) Low,7
1715,osgb5000005202984561,0.298,0.623,C) High,37
1716,osgb5000005202983192,0.004,0.005,A) Low,23
1717,osgb5000005202983153,0.002,0.002,A) Low,12
1718,osgb5000005202984653,0.067,0.166,A) Low,18
1719,osgb5000005202984810,0.12,0.167,B) Medium,10
1720,osgb5000005202982995,0.004,0.008,A) Low,10
1721,osgb5000005202983091,0.022,0.029,A) Low,33
1722,osgb5000005202983232,0.027,0.04,A) Low,12
1723,osgb5000005202984635,0.135,0.23,B) Medium,5
1724,osgb5000005202983143,0.181,0.244,B) Medium,11
1725,osgb5000005202983191,0.079,0.18,A) Low,104
1726,osgb5000005202983148,0.312,0.384,C) High,29
1727,osgb5000005202984628,0.157,0.162,B) Medium,10
1728,osgb5000005202982824,0.003,0.003,A) Low,10
1729,osgb5000005202984774,0.153,0.178,B) Medium,11
1730,osgb5000005204275534,0.003,0.005,A) Low,125
1731,osgb5000005202982939,0.012,0.021,A) Low,10
1732,osgb5000005202984961,0.003,0.004,A) Low,6
1733,osgb5000005202982915,0.061,0.165,A) Low,21
1734,osgb5000005202982947,0.002,0.003,A) Low,7
1735,osgb5000005202982780,0.056,0.134,A) Low,7
1736,osgb5000005202982942,0.007,0.01,A) Low,10
1737,osgb5000005202984622,0.017,0.028,A) Low,14
1738,osgb5000005202982800,0.009,0.011,A) Low,18
1739,osgb5000005204275459,0.024,0.068,A) Low,4
1740,osgb5000005202982817,0.008,0.012,A) Low,22
1741,osgb5000005202983041,0.008,0.017,A) Low,7
1742,osgb5000005202984625,0.007,0.008,A) Low,17
1743,osgb5000005202982928,0.061,0.116,A) Low,30
1744,osgb5000005202982967,0.065,0.08,A) Low,15
1745,osgb5000005202983104,0.052,0.089,A) Low,8
1746,osgb5000005202982788,0.008,0.011,A) Low,8
1747,osgb5000005202984522,0.02,0.032,A) Low,103
1748,osgb5000005202983197,0.003,0.004,A) Low,30
1749,osgb5000005202984789,0.019,0.028,A) Low,19
1750,osgb5000005202983250,0.011,0.017,A) Low,29
1751,osgb5000005202982956,0.05,0.087,A) Low,13
1752,osgb5000005202983060,0.107,0.194,B) Medium,17
1753,osgb5000005202984860,0.019,0.025,A) Low,8
1754,osgb5000005202984619,0.047,0.056,A) Low,7
1755,osgb5000005202982802,0.028,0.05,A) Low,38
1756,osgb5000005202984875,0.003,0.004,A) Low,10
1757,osgb5000005202984570,0.007,0.012,A) Low,10
1758,osgb5000005202982884,0.003,0.004,A) Low,6
1759,osgb5000005202984588,0.01,0.02,A) Low,38
1760,osgb5000005202984816,0.013,0.014,A) Low,11
1761,osgb5000005202983128,0.075,0.178,A) Low,5
1762,osgb5000005202982728,0.007,0.016,A) Low,4
1763,osgb5000005202982778,0.008,0.009,A) Low,24
1764,osgb5000005202983258,0.006,0.008,A) Low,13
1765,osgb5000005202982765,0.131,0.177,B) Medium,8
1766,osgb5000005202984494,0.074,0.092,A) Low,6
1767,osgb5000005202983163,0.015,0.025,A) Low,14
1768,osgb5000005202984432,0.04,0.062,A) Low,77
1769,osgb5000005202982901,0.028,0.077,A) Low,11
1770,osgb5000005202983053,0.085,0.11,A) Low,3
1771,osgb5000005202982848,0.045,0.052,A) Low,14
1772,osgb5000005202982775,0.055,0.076,A) Low,130
1773,osgb1000030365913,0.059,0.102,A) Low,91
1774,osgb1000030364497,0.018,0.032,A) Low,103
1775,osgb1000030363715,0.005,0.007,A) Low,31
1776,osgb1000030361569,0.043,0.087,A) Low,51
1777,osgb1000042571320,0.074,0.137,A) Low,92
1778,osgb1000030364123,0.012,0.016,A) Low,91
1779,osgb1000030364162,0.026,0.069,A) Low,86
1780,osgb1000042571334,0.013,0.016,A) Low,144
1781,osgb1000030433789,0.113,0.249,B) Medium,68
1782,osgb1000030364148,0.038,0.114,A) Low,83
1783,osgb1000030433493,0.015,0.037,A) Low,49
1784,osgb1000030364042,0.035,0.04,A) Low,75
1785,osgb1000030363886,0.027,0.071,A) Low,123
1786,osgb1000030433424,0.009,0.018,A) Low,110
1787,osgb1000030364118,0.029,0.038,A) Low,3
1788,osgb1000030363756,0.017,0.034,A) Low,76
1789,osgb1000030364416,0.007,0.011,A) Low,92
1790,osgb1000030364210,0.073,0.119,A) Low,155
1791,osgb1000030362202,0.014,0.034,A) Low,53
1792,osgb1000030433462,0.078,0.195,A) Low,40
1793,osgb1000030364305,0.009,0.012,A) Low,114
1794,osgb1000030433764,0.191,0.35,C) High,72
1795,osgb1000030363762,0.257,0.395,C) High,97
1796,osgb1000030361811,0.005,0.007,A) Low,95
1797,osgb1000030433722,0.006,0.007,A) Low,102
1798,osgb1000030363894,0.019,0.063,A) Low,143
1799,osgb1000030364149,0.074,0.144,A) Low,78
1800,osgb1000030364398,0.078,0.211,A) Low,86
1801,osgb1000030364088,0.018,0.03,A) Low,71
1802,osgb1000002020982024,0.004,0.011,A) Low,29
1803,osgb1000030365899,0.025,0.034,A) Low,114
1804,osgb1000030363824,0.002,0.002,A) Low,115
1805,osgb1000030364446,0.005,0.009,A) Low,93
1806,osgb1000030363839,0.004,0.006,A) Low,73
1807,osgb1000030362191,0.091,0.151,A) Low,84
1808,osgb1000030364296,0.039,0.143,A) Low,103
1809,osgb1000030364031,0.024,0.086,A) Low,73
1810,osgb1000030363891,0.025,0.065,A) Low,154
1811,osgb1000030364119,0.02,0.041,A) Low,72
1812,osgb1000030433788,0.167,0.295,B) Medium,22
1813,osgb1000030363991,0.031,0.065,A) Low,15
1814,osgb1000030364307,0.009,0.017,A) Low,92
1815,osgb1000002310331269,0.048,0.093,A) Low,75
1816,osgb1000030364518,0.005,0.009,A) Low,126
1817,osgb1000030363920,0.017,0.029,A) Low,71
1818,osgb1000030364510,0.079,0.182,A) Low,51
1819,osgb1000030361631,0.019,0.048,A) Low,112
1820,osgb1000030361682,0.108,0.343,C) High,113
1821,osgb1000030363813,0.002,0.003,A) Low,100
1822,osgb1000030363712,0.011,0.03,A) Low,1677
1823,osgb1000030364109,0.016,0.038,A) Low,11
1824,osgb1000030364516,0.032,0.072,A) Low,102
1825,osgb1000030364049,0.016,0.029,A) Low,66
1826,osgb1000030364411,0.253,0.351,C) High,61
1827,osgb1000030361666,0.177,0.239,B) Medium,58
1828,osgb1000042571336,0.063,0.188,A) Low,102
1829,osgb1000030361654,0.023,0.04,A) Low,60
1830,osgb1000030363967,0.013,0.016,A) Low,96
1831,osgb1000030364142,0.004,0.005,A) Low,8
1832,osgb1000030365929,0.046,0.142,A) Low,73
1833,osgb1000030433459,0.039,0.111,A) Low,90
1834,osgb1000030364241,0.172,0.289,B) Medium,77
1835,osgb1000030363982,0.052,0.112,A) Low,76
1836,osgb1000030363848,0.016,0.043,A) Low,69
1837,osgb1000030363865,0.009,0.016,A) Low,116
1838,osgb1000030364410,0.284,0.377,C) High,77
1839,osgb1000042808394,0.002,0.003,A) Low,112
1840,osgb1000030364470,0.017,0.035,A) Low,128
1841,osgb1000030361555,0.049,0.161,A) Low,111
1842,osgb1000030433728,0.002,0.003,A) Low,18
1843,osgb1000030363810,0.003,0.004,A) Low,87
1844,osgb1000030361617,0.026,0.054,A) Low,19
1845,osgb1000030363761,0.065,0.171,A) Low,79
1846,osgb1000030364028,0.014,0.034,A) Low,91
1847,osgb1000030433418,0.028,0.109,A) Low,72
1848,osgb1000030364017,0.088,0.206,A) Low,74
1849,osgb1000030364208,0.084,0.138,A) Low,89
1850,osgb1000030364489,0.009,0.014,A) Low,85
1851,osgb1000030364512,0.128,0.215,B) Medium,81
1852,osgb1000030363858,0.12,0.221,B) Medium,21
1853,osgb1000030363963,0.009,0.017,A) Low,82
1854,osgb1000030361827,0.05,0.144,A) Low,99
1855,osgb1000030364140,0.143,0.289,B) Medium,68
1856,osgb1000030364163,0.035,0.097,A) Low,75
1857,osgb1000030362195,0.015,0.024,A) Low,81
1858,osgb1000030365914,0.085,0.173,A) Low,97
1859,osgb1000030361556,0.054,0.147,A) Low,108
1860,osgb1000030364265,0.11,0.228,B) Medium,79
1861,osgb1000030363881,0.116,0.261,B) Medium,20
1862,osgb1000030361557,0.048,0.112,A) Low,150
1863,osgb1000030364495,0.025,0.047,A) Low,92
1864,osgb1000030364143,0.004,0.008,A) Low,84
1865,osgb1000042571329,0.056,0.174,A) Low,91
1866,osgb1000030364014,0.036,0.088,A) Low,69
1867,osgb1000030363791,0.037,0.059,A) Low,104
1868,osgb1000030364020,0.018,0.032,A) Low,64
1869,osgb1000030364135,0.059,0.172,A) Low,79
1870,osgb1000030361639,0.014,0.016,A) Low,11
1871,osgb1000030364258,0.006,0.007,A) Low,111
1872,osgb1000030364336,0.005,0.005,A) Low,8
1873,osgb1000030364127,0.007,0.013,A) Low,75
1874,osgb1000030363898,0.008,0.023,A) Low,105
1875,osgb1000030365923,0.003,0.003,A) Low,90
1876,osgb1000030364257,0.007,0.009,A) Low,79
1877,osgb1000042571333,0.015,0.047,A) Low,77
1878,osgb1000030364045,0.033,0.046,A) Low,92
1879,osgb1000030433797,0.015,0.018,A) Low,73
1880,osgb1000030364004,0.057,0.136,A) Low,85
1881,osgb1000030361548,0.067,0.129,A) Low,66
1882,osgb1000030364261,0.002,0.003,A) Low,87
1883,osgb1000030364038,0.028,0.039,A) Low,93
1884,osgb1000030361576,0.014,0.031,A) Low,98
1885,osgb1000030364001,0.022,0.061,A) Low,87
1886,osgb1000030364121,0.023,0.046,A) Low,18
1887,osgb1000030364413,0.024,0.055,A) Low,117
1888,osgb1000030363953,0.025,0.06,A) Low,85
1889,osgb1000030364250,0.018,0.028,A) Low,70
1890,osgb1000042808380,0.01,0.018,A) Low,84
1891,osgb1000042571337,0.068,0.194,A) Low,324
1892,osgb1000030361618,0.028,0.055,A) Low,83
1893,osgb1000030363781,0.209,0.426,C) High,112
1894,osgb1000030363821,0.007,0.017,A) Low,116
1895,osgb1000030364086,0.015,0.019,A) Low,74
1896,osgb1000030361580,0.042,0.088,A) Low,81
1897,osgb1000030433791,0.057,0.143,A) Low,89
1898,osgb1000030363817,0.002,0.003,A) Low,88
1899,osgb1000030361820,0.139,0.31,C) High,70
1900,osgb1000030363754,0.023,0.05,A) Low,86
1901,osgb1000030363932,0.122,0.134,B) Medium,13
1902,osgb1000030361549,0.044,0.068,A) Low,14
1903,osgb1000030281802,0.046,0.148,A) Low,6476
1904,osgb1000030364000,0.006,0.01,A) Low,101
1905,osgb1000030433461,0.074,0.191,A) Low,91
1906,osgb1000030284378,0.024,0.056,A) Low,6222
1907,osgb1000030365912,0.031,0.084,A) Low,70
1908,osgb1000030364441,0.035,0.102,A) Low,107
1909,osgb1000030364401,0.26,0.494,C) High,70
1910,osgb1000030363764,0.205,0.343,C) High,101
1911,osgb1000030361815,0.078,0.155,A) Low,99
1912,osgb1000002020982035,0.014,0.032,A) Low,26
1913,osgb1000030363802,0.036,0.063,A) Low,79
1914,osgb1000030364185,0.009,0.011,A) Low,86
1915,osgb1000030364072,0.04,0.069,A) Low,74
1916,osgb1000030363873,0.04,0.099,A) Low,9
1917,osgb1000030365924,0.003,0.003,A) Low,72
1918,osgb1000030364294,0.011,0.012,A) Low,108
1919,osgb1000030363916,0.018,0.032,A) Low,160
1920,osgb1000030364030,0.023,0.086,A) Low,118
1921,osgb1000030361572,0.017,0.031,A) Low,92
1922,osgb1000030364201,0.004,0.005,A) Low,74
1923,osgb1000030363970,0.004,0.009,A) Low,118
1924,osgb1000030363772,0.121,0.2,B) Medium,103
1925,osgb1000030363787,0.005,0.007,A) Low,59
1926,osgb1000002020982060,0.018,0.046,A) Low,84
1927,osgb1000030364027,0.012,0.034,A) Low,74
1928,osgb1000030363760,0.014,0.024,A) Low,93
1929,osgb1000030364134,0.009,0.02,A) Low,82
1930,osgb1000030363856,0.104,0.211,B) Medium,73
1931,osgb1000030361591,0.008,0.01,A) Low,71
1932,osgb1000030361826,0.076,0.193,A) Low,108
1933,osgb1000030363885,0.044,0.092,A) Low,121
1934,osgb1000030363880,0.098,0.231,A) Low,108
1935,osgb1000030365921,0.003,0.003,A) Low,74
1936,osgb1000030364157,0.022,0.042,A) Low,76
1937,osgb1000030364224,0.137,0.182,B) Medium,70
1938,osgb1000030364067,0.01,0.017,A) Low,88
1939,osgb1000030361648,0.01,0.015,A) Low,85
1940,osgb1000030361650,0.013,0.018,A) Low,75
1941,osgb1000030363853,0.227,0.389,C) High,102
1942,osgb1000030433457,0.006,0.011,A) Low,70
1943,osgb1000030364428,0.056,0.094,A) Low,114
1944,osgb1000030364116,0.036,0.071,A) Low,80
1945,osgb1000030364515,0.057,0.093,A) Low,106
1946,osgb1000030364006,0.024,0.07,A) Low,86
1947,osgb1000030362208,0.01,0.024,A) Low,57
1948,osgb1000030364298,0.116,0.221,B) Medium,141
1949,osgb1000030361573,0.013,0.024,A) Low,76
1950,osgb1000030364306,0.009,0.017,A) Low,89
1951,osgb1000030363809,0.003,0.005,A) Low,60
1952,osgb1000030364055,0.013,0.027,A) Low,68
1953,osgb1000030363882,0.103,0.233,B) Medium,15
1954,osgb1000030365898,0.015,0.025,A) Low,74
1955,osgb1000030364412,0.098,0.192,A) Low,92
1956,osgb1000030365910,0.019,0.033,A) Low,66
1957,osgb1000030364104,0.012,0.024,A) Low,79
1958,osgb1000030364300,0.095,0.211,A) Low,149
1959,osgb1000030363711,0.043,0.191,A) Low,2141
1960,osgb1000030363860,0.009,0.021,A) Low,74
1961,osgb1000030361610,0.006,0.017,A) Low,130
1962,osgb1000030364180,0.01,0.014,A) Low,69
1963,osgb1000030361692,0.105,0.216,B) Medium,95
1964,osgb1000030364196,0.035,0.102,A) Low,90
1965,osgb1000030363988,0.04,0.089,A) Low,93
1966,osgb1000030364106,0.02,0.038,A) Low,64
1967,osgb1000030364389,0.076,0.151,A) Low,96
1968,osgb1000030365916,0.009,0.013,A) Low,83
1969,osgb1000030433482,0.037,0.076,A) Low,16
1970,osgb1000000061718336,0.006,0.016,A) Low,887
1971,osgb1000030364117,0.021,0.041,A) Low,81
1972,osgb1000042571323,0.068,0.229,A) Low,93
1973,osgb1000030433816,0.046,0.109,A) Low,71
1974,osgb1000030363800,0.01,0.018,A) Low,120
1975,osgb1000042808379,0.008,0.01,A) Low,92
1976,osgb1000030364051,0.019,0.028,A) Low,11
1977,osgb1000030363931,0.069,0.11,A) Low,107
1978,osgb1000030363945,0.008,0.012,A) Low,17
1979,osgb1000000061720527,0.009,0.012,A) Low,13
1980,osgb1000030364194,0.002,0.002,A) Low,83
1981,osgb1000030361649,0.012,0.016,A) Low,96
1982,osgb1000030364112,0.009,0.015,A) Low,103
1983,osgb1000030364077,0.014,0.025,A) Low,94
1984,osgb1000042808392,0.005,0.008,A) Low,90
1985,osgb1000030365918,0.004,0.008,A) Low,96
1986,osgb1000030364266,0.085,0.228,A) Low,75
1987,osgb1000030361795,0.15,0.366,C) High,100
1988,osgb1000030361651,0.01,0.019,A) Low,85
1989,osgb1000030364095,0.015,0.033,A) Low,67
1990,osgb1000030364034,0.019,0.028,A) Low,57
1991,osgb1000030363936,0.067,0.086,A) Low,80
1992,osgb1000030364271,0.015,0.039,A) Low,65
1993,osgb1000030362196,0.024,0.046,A) Low,22
1994,osgb1000030364403,0.053,0.142,A) Low,115
1995,osgb1000030363818,0.007,0.014,A) Low,73
1996,osgb1000030363875,0.015,0.005,A) Low,159
1997,osgb1000030364415,0.009,0.014,A) Low,100
1998,osgb1000030364188,0.004,0.005,A) Low,86
1999,osgb1000030361562,0.009,0.015,A) Low,82
2000,osgb1000042808391,0.007,0.012,A) Low,97
2001,osgb1000030363949,0.024,0.058,A) Low,112
2002,osgb1000030363770,0.354,0.366,C) High,4
2003,osgb1000030361694,0.057,0.09,A) Low,67
2004,osgb1000030361642,0.019,0.04,A) Low,51
2005,osgb1000030364145,0.006,0.01,A) Low,93
2006,osgb1000030361619,0.037,0.068,A) Low,79
2007,osgb1000030363863,0.011,0.027,A) Low,109
2008,osgb1000030361675,0.048,0.072,A) Low,11
2009,osgb1000030363877,0.043,0.149,A) Low,112
2010,osgb1000030363951,0.027,0.057,A) Low,109
2011,osgb1000030361627,0.015,0.032,A) Low,74
2012,osgb1000030363778,0.034,0.06,A) Low,60
2013,osgb1000030364058,0.017,0.035,A) Low,67
2014,osgb1000030363897,0.034,0.103,A) Low,102
2015,osgb1000030364347,0.01,0.025,A) Low,734
2016,osgb1000030363879,0.039,0.097,A) Low,97
2017,osgb1000030364161,0.011,0.018,A) Low,72
2018,osgb1000030364465,0.008,0.013,A) Low,89
2019,osgb1000030364393,0.019,0.044,A) Low,108
2020,osgb1000030363774,0.03,0.058,A) Low,141
2021,osgb1000030363845,0.006,0.016,A) Low,83
2022,osgb1000030364126,0.016,0.03,A) Low,71
2023,osgb1000030361817,0.242,0.242,B) Medium,0
2024,osgb1000030364442,0.004,0.005,A) Low,17
2025,osgb1000030363857,0.072,0.169,A) Low,88
2026,osgb1000030364204,0.093,0.172,A) Low,58
2027,osgb1000030363766,0.262,0.329,C) High,53
2028,osgb1000030363900,0.004,0.006,A) Low,122
2029,osgb1000030363783,0.077,0.259,A) Low,125
2030,osgb1000030361724,0.051,0.107,A) Low,85
2031,osgb1000030364079,0.011,0.016,A) Low,67
2032,osgb1000042571321,0.046,0.108,A) Low,85
2033,osgb1000042571328,0.026,0.042,A) Low,89
2034,osgb1000030363714,0.029,0.047,A) Low,838
2035,osgb1000030363937,0.051,0.078,A) Low,17
2036,osgb1000030364248,0.014,0.015,A) Low,13
2037,osgb1000030361806,0.046,0.066,A) Low,94
2038,osgb1000030364093,0.038,0.084,A) Low,67
2039,osgb1000030281845,0.101,0.195,B) Medium,4088
2040,osgb1000030364514,0.058,0.143,A) Low,57
2041,osgb1000030364041,0.035,0.041,A) Low,80
2042,osgb1000030365917,0.007,0.013,A) Low,84
2043,osgb1000030364451,0.002,0.003,A) Low,109
2044,osgb1000030361723,0.112,0.176,B) Medium,122
2045,osgb1000030361588,0.041,0.054,A) Low,89
2046,osgb1000030364158,0.015,0.042,A) Low,64
2047,osgb1000030364507,0.045,0.086,A) Low,58
2048,osgb1000030364267,0.025,0.056,A) Low,76
2049,osgb1000030433420,0.007,0.017,A) Low,54
2050,osgb1000030364313,0.045,0.15,A) Low,119
2051,osgb1000030363716,0.101,0.206,B) Medium,312
2052,osgb1000030364382,0.013,0.029,A) Low,115
2053,osgb1000030364060,0.012,0.018,A) Low,80
2054,osgb1000030364065,0.009,0.014,A) Low,77
2055,osgb1000030364008,0.015,0.042,A) Low,85
2056,osgb1000030364459,0.007,0.016,A) Low,95
2057,osgb1000030364048,0.019,0.034,A) Low,70
2058,osgb1000030364193,0.002,0.003,A) Low,111
2059,osgb1000030361720,0.141,0.212,B) Medium,25
2060,osgb1000030364189,0.004,0.005,A) Low,73
2061,osgb1000030364152,0.068,0.118,A) Low,101
2062,osgb1000030361574,0.022,0.038,A) Low,103
2063,osgb1000030363721,0.291,0.898,C) High,2810
2064,osgb1000030433447,0.004,0.007,A) Low,29
2065,osgb1000030433726,0.003,0.003,A) Low,82
2066,osgb1000030361655,0.013,0.021,A) Low,86
2067,osgb1000030364386,0.107,0.159,B) Medium,119
2068,osgb1000030363974,0.114,0.163,B) Medium,83
2069,osgb1000030363803,0.057,0.078,A) Low,83
2070,osgb1000030364225,0.114,0.166,B) Medium,68
2071,osgb1000030361812,0.006,0.009,A) Low,19
2072,osgb1000030361575,0.021,0.04,A) Low,110
2073,osgb1000030433790,0.085,0.205,A) Low,61
2074,osgb1000042808387,0.002,0.002,A) Low,93
2075,osgb1000030363719,0.247,0.715,C) High,2059
2076,osgb1000030364519,0.04,0.1,A) Low,92
2077,osgb1000042936456,0.01,0.008,A) Low,86
2078,osgb1000030361791,0.02,0.051,A) Low,72
2079,osgb1000030433725,0.003,0.004,A) Low,80
2080,osgb1000030364477,0.026,0.083,A) Low,93
2081,osgb1000030361599,0.096,0.151,A) Low,32
2082,osgb1000030361626,0.011,0.019,A) Low,88
2083,osgb1000030364084,0.014,0.018,A) Low,15
2084,osgb1000030361558,0.014,0.028,A) Low,75
2085,osgb1000030363763,0.253,0.368,C) High,100
2086,osgb1000030363731,0.123,0.278,B) Medium,1849
2087,osgb1000030361571,0.013,0.026,A) Low,83
2088,osgb1000030363775,0.11,0.226,B) Medium,93
2089,osgb1000030363834,0.002,0.004,A) Low,51
2090,osgb1000042571326,0.038,0.098,A) Low,89
2091,osgb1000030364449,0.003,0.004,A) Low,94
2092,osgb1000030364468,0.008,0.014,A) Low,12
2093,osgb1000030362194,0.018,0.048,A) Low,84
2094,osgb1000030364270,0.064,0.172,A) Low,62
2095,osgb1000030433762,0.022,0.06,A) Low,72
2096,osgb1000042808385,0.008,0.016,A) Low,95
2097,osgb1000030364501,0.046,0.107,A) Low,15
2098,osgb1000030364120,0.016,0.031,A) Low,72
2099,osgb1000030364010,0.008,0.015,A) Low,70
2100,osgb1000030364171,0.028,0.053,A) Low,139
2101,osgb1000030361593,0.052,0.102,A) Low,13
2102,osgb1000030364175,0.063,0.146,A) Low,85
2103,osgb1000030433804,0.113,0.165,B) Medium,27
2104,osgb1000030433794,0.081,0.159,A) Low,99
2105,osgb1000030364192,0.003,0.005,A) Low,99
2106,osgb1000030361665,0.111,0.174,B) Medium,74
2107,osgb1000030365915,0.01,0.014,A) Low,83
2108,osgb1000030363984,0.019,0.034,A) Low,79
2109,osgb1000042571327,0.046,0.142,A) Low,97
2110,osgb1000030364037,0.015,0.019,A) Low,71
2111,osgb1000030364057,0.011,0.024,A) Low,75
2112,osgb1000030361592,0.023,0.038,A) Low,83
2113,osgb1000030281783,0.022,0.069,A) Low,107
2114,osgb1000030363921,0.011,0.01,A) Low,129
2115,osgb1000030364297,0.098,0.232,A) Low,105
2116,osgb1000030362211,0.061,0.098,A) Low,80
2117,osgb1000030364440,0.15,0.202,B) Medium,106
2118,osgb1000030363769,0.178,0.351,C) High,93
2119,osgb1000030361697,0.14,0.195,B) Medium,108
2120,osgb1000030361647,0.008,0.012,A) Low,92
2121,osgb1000030364496,0.017,0.03,A) Low,72
2122,osgb1000030364035,0.018,0.029,A) Low,60
2123,osgb1000030364521,0.006,0.008,A) Low,171
2124,osgb1000030363765,0.216,0.306,C) High,31
2125,osgb1000030433755,0.085,0.138,A) Low,87
2126,osgb1000030364453,0.003,0.004,A) Low,113
2127,osgb1000030361641,0.027,0.055,A) Low,41
2128,osgb1000030433798,0.026,0.058,A) Low,82
2129,osgb1000030363767,0.275,0.348,C) High,84
2130,osgb1000030364186,0.009,0.012,A) Low,83
2131,osgb1000030361789,0.027,0.046,A) Low,105
2132,osgb1000030363759,0.005,0.006,A) Low,79
2133,osgb1000030364176,0.022,0.053,A) Low,98
2134,osgb1000042571330,0.007,0.011,A) Low,86
2135,osgb1000030361634,0.014,0.031,A) Low,32
2136,osgb1000030363777,0.052,0.108,A) Low,76
2137,osgb1000030361807,0.034,0.04,A) Low,99
2138,osgb1000030363771,0.107,0.211,B) Medium,95
2139,osgb1000030364485,0.012,0.031,A) Low,13
2140,osgb1000030362199,0.012,0.032,A) Low,47
2141,osgb1000030362209,0.028,0.044,A) Low,77
2142,osgb1000030361620,0.023,0.055,A) Low,85
2143,osgb1000030363904,0.027,0.072,A) Low,602
2144,osgb1000030361607,0.033,0.057,A) Low,74
2145,osgb1000030363871,0.042,0.12,A) Low,15
2146,osgb1000030363962,0.014,0.031,A) Low,79
2147,osgb1000030433417,0.058,0.102,A) Low,71
2148,osgb1000030361646,0.005,0.009,A) Low,54
2149,osgb1000030361822,0.053,0.124,A) Low,75
2150,osgb1000030362192,0.055,0.153,A) Low,84
2151,osgb1000030364183,0.014,0.019,A) Low,131
2152,osgb1000030364141,0.005,0.007,A) Low,104
2153,osgb1000030364040,0.03,0.033,A) Low,8
2154,osgb1000030365922,0.003,0.005,A) Low,72
2155,osgb1000042808393,0.017,0.026,A) Low,111
2156,osgb1000030364487,0.005,0.013,A) Low,99
2157,osgb1000030362200,0.017,0.041,A) Low,58
2158,osgb1000030433448,0.004,0.007,A) Low,82
2159,osgb1000030363830,0.008,0.011,A) Low,81
2160,osgb1000042936458,0.039,0.095,A) Low,94
2161,osgb1000030363939,0.007,0.01,A) Low,49
2162,osgb1000030362193,0.02,0.056,A) Low,84
2163,osgb1000030362204,0.005,0.007,A) Low,54
2164,osgb1000030361584,0.008,0.017,A) Low,91
2165,osgb1000030363861,0.003,0.004,A) Low,91
2166,osgb1000030364200,0.02,0.057,A) Low,94
2167,osgb1000030364064,0.013,0.024,A) Low,65
2168,osgb1000030364080,0.014,0.019,A) Low,73
2169,osgb1000042808381,0.005,0.009,A) Low,87
2170,osgb1000030364406,0.18,0.256,B) Medium,133
2171,osgb1000030364139,0.103,0.268,B) Medium,69
2172,osgb1000042571335,0.102,0.217,B) Medium,138
2173,osgb1000030364385,0.03,0.122,A) Low,109
2174,osgb1000042808382,0.009,0.017,A) Low,89
2175,osgb1000030361670,0.157,0.232,B) Medium,66
2176,osgb1000030364202,0.019,0.044,A) Low,87
2177,osgb1000030363883,0.103,0.177,B) Medium,118
2178,osgb1000030433763,0.106,0.287,B) Medium,81
2179,osgb1000030364089,0.03,0.037,A) Low,13
2180,osgb1000030363954,0.036,0.066,A) Low,83
2181,osgb1000030364486,0.01,0.026,A) Low,12
2182,osgb1000030361683,0.199,0.396,C) High,86
2183,osgb1000030363946,0.019,0.055,A) Low,106
2184,osgb1000030364181,0.015,0.025,A) Low,79
2185,osgb1000030364315,0.002,0.003,A) Low,7
2186,osgb1000030364511,0.069,0.176,A) Low,89
2187,osgb1000030364044,0.035,0.042,A) Low,65
2188,osgb1000030362201,0.02,0.034,A) Low,57
2189,osgb1000030364311,0.003,0.005,A) Low,139
2190,osgb1000030365927,0.145,0.285,B) Medium,65
2191,osgb1000030361662,0.06,0.108,A) Low,63
2192,osgb1000042571331,0.073,0.142,A) Low,84
2193,osgb1000030364015,0.094,0.208,A) Low,79
2194,osgb1000030433438,0.022,0.043,A) Low,5
2195,osgb1000030361624,0.005,0.006,A) Low,84
2196,osgb1000030363971,0.038,0.07,A) Low,70
2197,osgb1000030364228,0.05,0.084,A) Low,67
2198,osgb1000030364476,0.047,0.094,A) Low,136
2199,osgb1000030433795,0.021,0.041,A) Low,90
2200,osgb1000030362203,0.004,0.007,A) Low,54
2201,osgb1000030434567,0.038,0.084,A) Low,66
2202,osgb1000030364167,0.046,0.102,A) Low,71
2203,osgb1000030364053,0.014,0.028,A) Low,65
2204,osgb1000030361821,0.139,0.36,C) High,76
2205,osgb1000030364517,0.006,0.013,A) Low,120
2206,osgb1000030364293,0.011,0.008,A) Low,104
2207,osgb1000030362207,0.003,0.005,A) Low,58
2208,osgb1000030364256,0.008,0.01,A) Low,92
2209,osgb1000030361601,0.113,0.202,B) Medium,87
2210,osgb1000030363788,0.017,0.039,A) Low,86
2211,osgb1000030363933,0.074,0.112,A) Low,110
2212,osgb1000030363895,0.005,0.008,A) Low,127
2213,osgb1000030364509,0.034,0.089,A) Low,52
2214,osgb1000030433484,0.033,0.098,A) Low,79
2215,osgb1000030363718,0.059,0.118,A) Low,536
2216,osgb1000030364452,0.003,0.004,A) Low,101
2217,osgb1000030365925,0.167,0.295,B) Medium,87
2218,osgb1000030281784,0.008,0.008,A) Low,1
2219,osgb1000030361560,0.01,0.023,A) Low,81
2220,osgb1000030361640,0.029,0.055,A) Low,34
2221,osgb1000030364262,0.002,0.003,A) Low,88
2222,osgb1000030361731,0.031,0.038,A) Low,11
2223,osgb1000030361645,0.006,0.009,A) Low,23
2224,osgb1000030433492,0.019,0.041,A) Low,73
2225,osgb1000030433489,0.023,0.05,A) Low,70
2226,osgb1000030363919,0.024,0.062,A) Low,91
2227,osgb1000042936459,0.009,0.009,A) Low,107
2228,osgb1000030363814,0.025,0.092,A) Low,81
2229,osgb1000030364312,0.002,0.003,A) Low,166
2230,osgb1000030364471,0.02,0.057,A) Low,101
2231,osgb1000042936457,0.006,0.007,A) Low,89
2232,osgb1000030365897,0.014,0.023,A) Low,76
2233,osgb1000030365896,0.02,0.043,A) Low,113
2234,osgb1000030433799,0.051,0.088,A) Low,53
2235,osgb1000030365928,0.096,0.237,A) Low,69
2236,osgb1000030364484,0.003,0.004,A) Low,19
2237,osgb5000005125094023,0.062,0.099,A) Low,231
2238,osgb1000030363805,0.212,0.419,C) High,156
2239,osgb1000030361830,0.031,0.064,A) Low,25
2240,osgb1000030363958,0.122,0.14,B) Medium,106
2241,osgb1000030363843,0.041,0.134,A) Low,99
2242,osgb1000030364197,0.032,0.114,A) Low,88
2243,osgb1000030364498,0.021,0.04,A) Low,89
2244,osgb1000042936455,0.006,0.008,A) Low,81
2245,osgb1000030364506,0.058,0.151,A) Low,57
2246,osgb1000030363996,0.004,0.005,A) Low,96
2247,osgb1000030363846,0.003,0.005,A) Low,80
2248,osgb1000030364076,0.018,0.036,A) Low,88
2249,osgb1000030364249,0.023,0.038,A) Low,24
2250,osgb1000030364508,0.056,0.104,A) Low,52
2251,osgb1000030361672,0.138,0.235,B) Medium,58
2252,osgb1000030364437,0.008,0.007,A) Low,146
2253,osgb1000030364122,0.017,0.027,A) Low,90
2254,osgb1000030284162,0.168,0.758,C) High,1169
2255,osgb1000030361681,0.002,0.003,A) Low,87
2256,osgb1000030364344,0.002,0.003,A) Low,9
2257,osgb1000030364124,0.021,0.036,A) Low,11
2258,osgb1000002310334233,0.007,0.013,A) Low,134
2259,osgb1000030363753,0.047,0.069,A) Low,84
2260,osgb1000030361552,0.056,0.132,A) Low,59
2261,osgb1000030361685,0.173,0.35,C) High,93
2262,osgb1000030365920,0.002,0.003,A) Low,108
2263,osgb1000042571324,0.036,0.16,A) Low,83
2264,osgb1000030363993,0.002,0.003,A) Low,100
2265,osgb1000030364352,0.012,0.02,A) Low,15
2266,osgb1000030363799,0.005,0.009,A) Low,92
2267,osgb1000030361816,0.119,0.234,B) Medium,85
2268,osgb1000042808378,0.009,0.013,A) Low,82
2269,osgb1000030363992,0.003,0.005,A) Low,82
2270,osgb1000030363997,0.005,0.008,A) Low,103
2271,osgb1000030364182,0.019,0.042,A) Low,133
2272,osgb1000030364071,0.049,0.071,A) Low,92
2273,osgb1000030363973,0.059,0.127,A) Low,83
2274,osgb1000030364215,0.009,0.021,A) Low,60
2275,osgb1000030364434,0.056,0.109,A) Low,116
2276,osgb1000030433421,0.003,0.004,A) Low,73
2277,osgb1000030361622,0.012,0.025,A) Low,152
2278,osgb1000030364113,0.017,0.038,A) Low,67
2279,osgb1000030363966,0.025,0.078,A) Low,71
2280,osgb1000030365926,0.179,0.295,B) Medium,81
2281,osgb1000002020965804,0.097,0.198,A) Low,85
